"","X1","X2","X3","Y"
"1",12.8949586751661,8.51627183425563,3.23391029926318,24.3981509860372
"2",13.439998191028,2.23990160449882,-7.61295332668313,47.1511729938631
"3",14.3956959901694,8.73179642418458,5.47593570255747,27.127542656851
"4",14.0295617930569,0.72811353659688,3.08205938040363,49.8138874336702
"5",8.03482076008823,-4.83513184606446,-0.133227295849483,28.384436726284
"6",13.2864229973755,2.60563745677978,-2.10960957218499,25.1280248821429
"7",12.4586121624135,3.08022137875134,4.67132077630066,41.413106300811
"8",12.6336241315432,0.284099991194591,-1.38965484706139,22.0027008719909
"9",14.9324516222221,4.11681578268401,2.02207751814473,31.4149982001829
"10",17.6845643952036,12.1269076707996,5.87396322703515,49.743371264594
"11",17.8234784653116,11.0428327259424,0.149562634376287,57.141096292698
"12",11.7695918619625,3.33758189908926,0.884174249043973,19.140837904137
"13",12.3986406939365,-0.8587619371149,2.59787201885395,28.8262375990252
"14",12.2999268024423,1.30134202078967,1.07938541773132,35.2258098510537
"15",14.9388620011721,-2.01331658240701,-1.89785936658186,29.0290948847239
"16",8.5891029258743,-3.60748499342096,-5.73614823881808,15.6261553973329
"17",13.010239591686,3.53122415747533,-1.27652710070832,41.8793976989156
"18",10.3382863094321,0.625196568550316,-3.69904716428248,6.94723708473404
"19",12.9483453479429,3.08869499240423,-0.930697263192252,37.39225513335
"20",NA,NA,NA,38.1720230374265
"21",12.5109218776904,11.1450866613221,0.0199888574579785,34.782191993613
"22",12.7591272441592,2.18207423544974,4.06932375713536,31.3701205059646
"23",15.6393964543831,3.71748903184802,-0.817415527035584,40.2720126285807
"24",13.5555951530722,5.39988979707184,4.89752799214323,35.4804648292843
"25",11.8139314404581,4.6732500505253,2.38334805214168,35.1143187936586
"26",11.6164463966155,4.72729803926459,3.19632183320161,26.7520976014107
"27",11.9063070257027,0.893318750276773,-1.27566484978539,38.1564412942241
"28",12.0886401549755,5.78182509810057,0.276676634443174,22.4000610321847
"29",11.5565295107071,-2.91675727092189,-4.68792691822948,18.8419842549904
"30",13.1105610071106,3.0217472435128,0.586443678646921,20.779219668013
"31",13.1795192425207,11.3391428703741,4.23554973968818,23.0523623270733
"32",16.2424845235354,11.3363614281278,4.98604837610447,44.3258228035347
"33",16.5988164958818,4.98268587690551,-0.850810127629015,37.9181133918493
"34",17.7601496552864,7.032575585136,-0.630216672500568,37.1008345603134
"35",12.9435097306698,2.31537530136623,0.658008668792369,29.9608090233772
"36",14.4747494930647,4.7140250331378,5.28388343519689,47.3662503166554
"37",15.0094073121191,2.06012745969489,3.93974914605251,15.1904099082472
"38",15.8019043111632,-1.36297886467376,4.41571864354308,29.5118401188819
"39",15.1249611493679,NA,8.29052587730982,NA
"40",9.90250844719359,1.42494971496508,-0.596087715020702,13.9635149639357
"41",9.18834991447706,6.87643318206396,6.43015744213421,15.4466359469335
"42",15.458587897336,8.10346235936355,0.274470916306039,20.9794849609764
"43",13.2721906326591,-1.14735256587083,-3.82299500915286,34.2816784229429
"44",14.4627633042138,4.12879729385834,2.63297945261014,14.3725845850284
"45",13.865505382556,4.806619677768,6.5185981475079,36.9658752386021
"46",11.5265899120658,6.42277036510975,-0.622852769884126,29.5784913346555
"47",11.3375040212451,9.2680266165334,0.682754886532775,27.2724750534419
"48",12.6382057755654,5.47526591103945,-0.41682299940984,28.3564920623396
"49",11.7179760126959,-0.439973291513681,-3.00628138505006,32.7001159384048
"50",10.0679364481277,0.903726918506507,-2.80328077849656,14.831573336508
"51",12.2467462503931,8.70416884197361,2.4961519675961,19.9388036732639
"52",11.6404332714897,2.57911030347059,-3.24064632701058,25.9212318838147
"53",12.1647282848103,7.99780397340856,5.20120820385502,31.3875962706607
"54",18.0634897924154,12.3388069676603,5.97731598011544,46.7314472714069
"55",10.2711491927492,1.00070583720291,3.4071601467597,17.2382889224408
"56",12.4799942328477,1.48491143276446,-0.966317948543992,16.9538188624766
"57",13.3450531695432,2.28560512813518,3.23230376622251,31.9917375380741
"58",14.4882945048335,8.42614652411421,1.67413632192411,15.0692699710197
"59",9.45553213562171,-0.827514587606419,-0.535251052643905,26.1089933880006
"60",13.2974202658428,4.83478656933151,5.10717602941797,39.7610879373093
"61",11.684594770741,-4.6893955928261,-1.40025167464928,34.3462916626309
"62",9.17491322669256,-3.23130605529678,2.96311748373719,28.82248348229
"63",13.001197741911,1.78455173054187,-0.632168996607519,12.0978552457977
"64",13.6145701941424,11.316131115991,1.73809521014635,53.7294846961074
"65",11.6930546940462,-1.38045678023094,1.85567506349564,24.0426415171056
"66",8.71452126412175,5.36857175645788,-1.83013335413907,8.16037960662758
"67",12.8018666116207,-0.550411898493287,-0.357755334124494,13.856117699388
"68",11.8704821037231,3.18175929286469,-2.20860928183236,35.5182710089243
"69",9.81458685751557,3.91790611397595,2.00704691728894,23.6539544143714
"70",12.6051860973377,8.05600334000995,-0.18509047112645,33.9359396245866
"71",14.3283053153165,3.84886076866879,-4.6358459391312,32.5339973979996
"72",12.5729815100676,2.37434660018356,-0.623813712534846,31.0447930020228
"73",11.7270136980212,0.295471010077272,-1.30194923319679,NA
"74",11.4201179215309,0.90196784994342,-0.460817898076682,30.0517347104774
"75",12.5187364053843,7.38425090705453,5.90034909828333,38.6094328216095
"76",12.574144667015,6.60956346170466,0.407743863751874,15.2475554485479
"77",11.4512071773501,3.62565802537716,1.70194138034644,16.8107898324129
"78",9.37831738454242,-3.86964532052723,-4.79023732173223,22.3151992786909
"79",13.1174841193067,7.02721409271789,-0.199888595800889,43.0711306419983
"80",14.241847312363,2.8264984995534,3.94935506027459,32.4377988494093
"81",10.5071390091954,0.400325023037498,-0.791802983694333,10.5771188833305
"82",7.28042871134682,-1.4736687654266,-3.2608184444369,29.7758793612894
"83",10.8931165289994,1.57578768662116,-0.602360054086305,27.7140962395691
"84",8.69053852809015,-3.27090212810399,1.52246351014532,-4.77993975651909
"85",11.1952152504723,0.264986203794211,-0.813247614381005,2.61305824215115
"86",11.0828184167321,-4.31587522260292,-2.8947844279978,24.4359300108084
"87",12.9718402765174,4.50313938457577,5.2195217270516,34.2855530005277
"88",14.7060651472039,10.410560277236,1.8738418163535,41.5503274836248
"89",13.2687744622886,6.15302818631364,1.09209964413662,42.7886077054976
"90",13.3738834733341,-2.56127883137303,0.715680889173195,29.3042757514274
"91",9.27553551317406,1.85207918060827,-4.01927670125147,23.6292915395502
"92",12.3137231890294,4.28764406376191,3.60351263536194,27.465117871916
"93",13.7087410855787,4.13705651572719,2.83424041529313,32.9986580687663
"94",10.6476526870531,-1.98249041773334,-4.70176640543313,12.522763027501
"95",14.472384524495,5.69107629166599,4.31733809263056,34.8275627211671
"96",11.1729003119147,6.60666277169888,4.29551518044736,5.51960168201031
"97",15.0411493402194,6.89091482222726,-2.029512840292,57.0347816476043
"98",9.24844629292022,3.95544343541958,-3.49958225428655,32.0579764957578
"99",11.5059296098489,3.40727062449629,-2.37800142230649,44.0733676688226
"100",11.2609016961194,3.19711802384886,1.85734834730463,29.1602498202257
"101",6.49242597992682,-8.68606854799051,-3.36802855841266,15.7179109130536
"102",14.5548694915253,3.16448348307922,-1.08976962819208,43.5984697287653
"103",13.4459837247104,7.86729448084332,1.31290050321148,17.0112792335798
"104",12.4767527976104,0.935050168339915,-3.50694418524558,30.081532875406
"105",11.6299729810141,0.458731532317534,-4.21041593305748,48.9885039573588
"106",11.5987224955918,0.400163604876794,-0.788563294277541,27.5634393035915
"107",13.3434665700365,3.81868750999695,2.73568340223293,22.8189454903823
"108",11.7337900453302,1.28106635879713,-1.70999910619161,19.8114189423062
"109",12.5849720181647,2.54296015974447,-0.989184783232521,15.4409094034271
"110",10.3440050538457,1.64311327375234,0.278304116653417,7.03184561774407
"111",10.011259052971,6.39672304788529,-1.00450206566792,17.7931606673514
"112",13.3152679621623,4.90796359520352,-2.28338160957414,34.4612556451809
"113",12.3558593547918,-1.00445330754761,-1.18574235591755,16.7873865082428
"114",12.1087558310282,1.66838204522901,-0.236664352515857,5.98451481746866
"115",9.90585571770777,1.65951867354402,1.48175010389195,9.67121592661101
"116",12.3751788548651,7.71439389367443,4.53005634706126,22.3993933173046
"117",11.9509488987739,0.774401391632694,-2.07364383109426,33.3242346550133
"118",11.2779620987113,-0.90837843576716,-0.6746222495455,2.17913290035277
"119",12.1472306622167,8.63484238344123,2.18835193240328,36.1831706850347
"120",12.8817769519664,-1.99998209919072,1.46200849908484,37.248489230623
"121",8.70646882151279,4.27736013715588,-3.00911293294881,6.42573261922963
"122",15.4155486652733,5.83889069846133,1.55077295182273,16.3249478304838
"123",7.71495874742367,-6.15703575213569,-1.65781167803558,20.1423527418635
"124",12.6457332613687,-3.0742031907125,2.20468521872238,14.2506706003076
"125",11.4666649695931,-0.917066769636523,-2.83824446046115,8.05675754430186
"126",13.9056063671052,3.77574971498384,-2.0518584229212,40.4869130435306
"127",13.3710336475374,-0.506523764504713,2.03313019138033,13.5630513468105
"128",10.6027499905043,4.19419180239705,0.285363203058288,23.3412878737266
"129",12.7314372807756,0.400596078176567,1.58079456837197,24.3526721419445
"130",13.0313780632648,6.87352947862904,3.59934389097695,25.8576084832593
"131",16.6876508715272,5.61223578206308,1.99378239585361,32.2143329423604
"132",11.1847931317057,4.07809243527447,-0.042579321337485,7.36687006765103
"133",11.6197332079711,NA,0.530785940558095,NA
"134",12.8692026788073,2.28257733382428,-2.83073572859859,33.5384322712501
"135",8.01715217854745,2.04172381188367,NA,NA
"136",15.1626830821743,6.88405123484707,0.132965161581002,27.7907597351583
"137",12.1280136429029,4.33461081002293,-2.4224324117568,33.6283805483748
"138",8.62147939662979,1.37768876787986,-2.25296124858422,21.613634257874
"139",11.1566284618504,0.883793226282474,-3.55981290584909,12.6092196873571
"140",11.8879595157962,NA,NA,NA
"141",11.0202460625565,-5.74833397821383,1.11617433202921,17.3573033196077
"142",13.2252794182637,6.16404937236919,2.02532675737813,22.8916407097285
"143",11.7111049558169,0.129399669233368,0.103325691512645,7.60720559986651
"144",11.9744064115199,4.09055683075293,2.6212442026171,8.89483435538633
"145",9.31041317415695,-0.70284221675517,-4.04870319207815,32.7804400581454
"146",12.527186826257,13.6134813088707,2.90580855083412,30.8267122256696
"147",10.2651774087513,6.10756753385588,3.99948929322506,15.4857786874168
"148",11.8189155692114,5.79488996885612,4.02256270052511,18.8121844496747
"149",11.8651280279899,4.37190894305467,-4.08091057252052,26.5961980749388
"150",13.8983279515762,7.85900767238503,1.34267671469416,28.776832175858
"151",11.3290640217931,-1.92930969372423,-2.33682755485164,10.6382860240657
"152",10.0451945842948,6.639038630808,-0.043580685376138,25.4503283490804
"153",14.9942654235364,7.84374786229261,-1.34795930479392,52.3315852830802
"154",10.6129115268686,0.739479105438455,-1.10247704666939,0.783818892258672
"155",10.8828501318638,-0.813634205174735,-0.411127135522971,18.5445914091248
"156",12.4571748753414,5.75473461152223,3.83101044355528,30.6911775901221
"157",11.7174739749374,6.71789724661484,5.96919254412416,7.74156111267363
"158",9.55744138324231,3.81660562881799,-2.0313492030663,27.3277335531513
"159",13.9678446449927,-1.78063728011216,-1.62077133999351,42.4360841889221
"160",13.814274814944,-1.9606089074011,1.1020321367453,21.8346755959509
"161",10.5791784941134,4.42711194788167,1.06743663520161,13.3788259988967
"162",11.2596180717792,5.51208305591144,1.00123734871201,28.715304106801
"163",11.7929261283563,8.16590095161223,-4.83136059910792,23.277479477991
"164",13.3088660459492,4.16992161760411,4.38790486338919,44.3893593618665
"165",12.9189808718264,8.71114090817509,-1.76336191530302,29.963999076698
"166",16.1831396880459,4.40479211413469,3.78169332400738,28.0886506950393
"167",12.1073120923102,4.91490393807458,0.922341995054751,29.4053159121681
"168",11.9940855052669,5.48121499646911,3.2116678594699,23.4472001955166
"169",13.9111081289372,3.06756779616377,1.87008618827964,17.9176914386554
"170",8.69279476252886,-0.42182060114843,-2.77610103471484,24.2009358110117
"171",15.4014145956009,8.34506836316918,-1.27623420699181,39.5663438984912
"172",11.0683859167274,NA,-0.200508232253618,20.6945559107859
"173",12.0718357551455,3.26441563461687,-1.12518646350003,6.56359905847722
"174",9.55436468231061,1.27221930971826,-5.33279873482023,14.5654605461349
"175",11.182306375161,7.86060488787507,0.829322424206802,13.5412509282187
"176",13.7390882578407,9.25175404640248,1.60877253237313,18.7301059773138
"177",16.4695150604708,9.54351805873486,5.48095318050482,34.3998899014658
"178",11.8192379030086,4.11135069178068,0.355087886095823,15.0567298124588
"179",12.9762983925765,7.76710310342836,-2.04299710642703,39.9208124853263
"180",11.0879026544921,-0.205581540269034,0.953745592757742,21.9841108667085
"181",NA,3.47038713883435,5.22194088005625,9.41418115667824
"182",14.059933777305,-2.63739338243124,-3.04085208629373,45.9494046909394
"183",12.3808675730033,3.02880872239835,0.0774587242199408,29.5133333463506
"184",12.1103034079585,7.86874193791888,0.0143704827135108,26.1752540123214
"185",11.9117044176554,-1.19599878387895,-5.4256545747497,39.5786377812779
"186",11.0166129087561,2.5579698345352,2.06920633661765,22.3580145946703
"187",9.06900398256853,0.0465747897979121,-3.46949907087005,26.9183548584537
"188",10.0446104852202,-0.839578764933677,-2.22910432213826,33.2648514159237
"189",11.0786442646938,2.06206768782094,-0.786175556862938,24.8371746227204
"190",10.9694103254966,-0.82789735790231,0.446523291222536,26.9399932615694
"191",12.4640815872096,4.7498337442129,-1.74972393811526,19.7057636647353
"192",13.1502805372952,4.5784561563286,-2.50523539462478,35.0773320410674
"193",11.5641368928895,2.9558750694789,-3.23799816412404,29.2983567083825
"194",12.2750177795073,2.89369802026032,1.99358628407631,31.0036519556505
"195",7.88726467889972,-4.17275620252006,-5.65878078349061,6.40082318550137
"196",7.292458970782,3.08199375876625,-1.10612049873329,4.2554441776049
"197",10.087118585472,-2.63682250795133,-1.23958302523102,26.7399190580795
"198",8.7673612232735,-0.63329731380184,2.57148242674768,21.577794047084
"199",12.0234031293246,-0.0627314335026266,2.26937519781615,42.4529238892783
"200",10.1732625279285,0.513159220054177,-2.64932202511884,20.9209001568813
"201",NA,3.85978306274925,3.61735853857738,NA
"202",9.99155234127578,-3.14955551631821,-0.768831958675571,20.9748966650119
"203",8.02559484848385,0.267346138258471,-1.32128360701428,27.3736466887921
"204",11.8332977119462,5.61790399319509,4.97592399334383,26.9654631138955
"205",12.6430212427238,-0.104488842612565,4.77947356096957,43.0619545927389
"206",9.50865485076925,-5.35198602441756,-0.81505300602617,4.59655637537323
"207",14.7195961340514,7.56930419117492,3.43045102374138,32.2145722075126
"208",10.2942912764074,-0.107979825587351,0.783154134728909,28.2080417326859
"209",10.123567493052,-1.64003336620701,1.07507433874576,33.3540420060685
"210",12.7296092025883,3.28311558835471,3.00684377929849,24.8874151306013
"211",11.4209569007809,1.95895695481463,1.14808413170874,12.8509323779748
"212",11.3474868914643,-2.23001016124333,-0.0515274587151564,23.876605213378
"213",11.2799256704831,2.4790150446128,-2.588308794318,28.2661262352017
"214",12.3043746021516,5.59435042752514,5.51935277463109,25.4821201677893
"215",11.0040805071966,4.75368578304655,-2.82188053069146,36.2643075841565
"216",10.5720473154853,NA,NA,NA
"217",11.8069421168375,1.53952224973321,1.09548921969224,9.36410562048787
"218",13.2658144016422,8.70555728562456,2.11271988392381,41.3707334606573
"219",8.75994992585348,-1.38879862295088,-5.75962997545345,23.2665689660526
"220",9.79614671378257,-5.89086534686755,-6.47677075859849,21.5234821124522
"221",14.4734189950597,5.18201258835083,0.223013542467379,42.5612844440557
"222",14.7360315615431,5.91908068032338,6.28946051387514,26.8112397597039
"223",12.0813672697281,6.13938092809958,1.47481459649797,25.8312501283937
"224",8.19431503712382,-9.12643440944272,-2.47077128403783,9.33207364425312
"225",9.48306105934839,0.928912224534565,5.24621545279861,-2.02665320959601
"226",13.9270439632189,9.63636662318759,5.15254276276568,22.4547931505192
"227",14.0499696509879,7.19914789490549,-2.16002643420926,44.7378103663395
"228",14.6447278974871,6.25387268024744,5.87333522065609,36.6444485065766
"229",12.0365851369866,1.56076089081802,-3.11512792332131,29.9441156296774
"230",10.9944173235536,4.33873040253688,-1.99780226163013,20.7731192939896
"231",8.72182166434509,-1.47758237460968,2.07059514198974,6.61270532520384
"232",12.5114176667979,7.05174344247473,0.804913300678148,25.722167803172
"233",11.8387778843917,0.586636087674566,-1.79273411939537,19.1416999924639
"234",10.7423748082365,2.07529335086571,-4.08472962302592,28.4643326687345
"235",12.3641353156003,1.08844194620228,2.69217094490634,34.7726262227298
"236",12.2505796571251,6.19155766885076,3.81127270866713,38.1932253854126
"237",10.2810793550446,3.33400794032431,-3.33366351093995,27.816088192966
"238",8.26302123898723,1.21219471948886,-1.52650729114681,12.312727570347
"239",13.9502029187973,6.25841953711649,4.27338091309675,33.4068237150419
"240",8.87989472795547,-3.65539174896995,-1.28981663455079,8.7024286116309
"241",12.0794681547998,4.1802557445626,1.93621568674523,24.3937959775538
"242",12.7295646190464,6.67936743600224,-4.29641259628117,33.8465839798308
"243",13.2683669188091,6.64051785936698,4.13799995133276,39.7525815420051
"244",13.3457286051856,6.15304733064432,-2.56258764031621,40.8564701327338
"245",6.70365114383962,-3.64333361925673,0.584220370719038,30.124641602173
"246",14.4226318237914,3.86240616410219,1.58158947419109,25.2874744603249
"247",NA,NA,1.31420259120349,28.432291942326
"248",8.37816264646762,5.01566822332696,2.79184192375181,4.89948041105902
"249",13.4462403231058,1.39420866769451,-1.57893432251981,16.6999177416493
"250",11.0814154229471,4.46920331951637,-3.63916465786229,42.0132194815642
"251",9.73754228882059,3.89706513277305,0.881362184527482,29.1575661192832
"252",11.2516316536255,0.468273375828757,2.34902526650367,28.4950960983396
"253",8.87415880719532,-4.51411797541686,-0.0417256153619069,14.9259970302649
"254",12.9152893863269,3.64054531943389,-1.34923122172436,49.6377519292144
"255",10.9284037781508,3.11692875118664,-1.32964372047556,20.2914739860982
"256",9.62257034158583,2.57198390250006,-2.7546953207481,28.5606572602342
"257",11.1449429679411,2.21721952298512,2.05004452209616,12.7869085911261
"258",11.3835146277453,-5.76302486660095,0.740557743700159,2.19953885837642
"259",12.3946329161048,5.54745203170025,-2.56871525056567,34.6895583956014
"260",13.5684113727852,1.53545915986886,-0.534881298476105,33.8919546063791
"261",12.7687063285164,0.864873772446565,-4.13921444078952,27.1493132681648
"262",8.10674341302423,-3.1084044134514,-3.71153939541326,32.0574261985743
"263",7.35533844275375,-3.89326682422426,-6.38626799330521,21.9915754234463
"264",12.6910272705933,5.15023937556576,-0.492627827360498,33.8296917277909
"265",8.43147716316997,-2.00560241019166,-8.80883220990315,-0.330466922656164
"266",11.4692144097272,4.16474573440621,-2.04614155557293,25.0221834554246
"267",12.9078408250622,6.65658945953781,0.772745806646268,22.5273700933596
"268",12.2024381007539,5.60821873099533,-3.90176625238998,29.5953671304508
"269",13.7439107419834,4.30379827808323,-3.32019527072614,24.7854557584004
"270",14.9354349571104,5.76887984233021,1.15111669371346,21.6533214461755
"271",11.0765456898424,-0.768051428581319,-3.69644981865748,31.2948034131317
"272",11.1748434883564,10.2870816234112,4.12330339550708,19.2458723945967
"273",11.3541043781462,2.35573589840501,-0.380030887696775,24.6065254623199
"274",14.1827168122486,2.28397497893808,2.91710618205295,25.5002340002271
"275",7.5986698325096,-3.39018014166158,-1.34872255365345,9.28065182853036
"276",14.3933423977823,3.94053806857688,-1.99875719733912,33.0870401579323
"277",11.9636616394376,-2.78390935860578,2.39602285089298,8.43435100160046
"278",12.5838660472034,6.72235092043972,3.52814777681103,27.7304216242471
"279",10.333864746946,-4.86408848933811,1.15919563399253,-6.83932714359442
"280",13.818063717348,9.15282503794729,3.99740202311082,29.9414491274379
"281",10.4371569453924,0.340094522590118,-3.97439845980199,10.2279369456875
"282",13.0212197978385,2.21754931344882,2.53012116354735,15.0202983204644
"283",12.897109198192,3.34070976555795,0.507090949021217,19.1010983600332
"284",12.4788522337834,5.52191131344575,2.52368196721502,3.84753843099374
"285",10.5159054504201,0.281633981641146,1.59375248637645,24.8260852974167
"286",9.44846706424063,0.228447005010912,-4.41914626744762,15.510207243557
"287",10.4528200657443,1.47655696699397,-0.90659706000158,26.3386158640756
"288",13.1288709704104,0.13411548431739,-0.259369462212946,17.2687546202442
"289",10.583466734141,3.93983064872525,-2.64387336479171,2.7504482686025
"290",NA,9.41176853406502,NA,18.1957561983072
"291",11.2917107118393,4.20155515753264,-5.40289617661698,22.9464160689253
"292",16.6445087832169,3.58664560690006,2.46029688612106,26.8967945656238
"293",11.8404814478105,-2.30758071191188,-0.609853052054396,29.4267485914029
"294",12.6723051248534,2.55153990920334,-4.62440897086104,40.0048625787812
"295",11.7885862012578,-4.72524073649927,-0.813280395140566,21.3015291260768
"296",13.1937775171666,3.22281740803866,3.68985974076238,9.17307298292685
"297",14.0050807173729,5.46336533883225,0.248028595167474,21.1376634663948
"298",12.5138438556432,-2.8530988649477,2.84672670006408,15.0172816416376
"299",7.20244100678231,-1.83717704289386,NA,25.111793612954
"300",12.0408383479564,8.9728858441186,4.69694722991608,29.2896816992994
"301",11.1087950474037,1.08169337831195,-0.575374311096398,18.4018676877227
"302",11.9861594685199,1.99728888748846,0.461676039722718,26.1761629701014
"303",13.8001856853451,5.20580462552319,4.50316532462082,28.891106343902
"304",10.5560050303269,6.55164540950581,-0.759899201098737,33.2449004209156
"305",14.8951408433773,7.67811879203884,-1.98281696410218,42.365370326737
"306",13.6691448781409,5.08397235792733,2.62707904120344,23.9403291134889
"307",12.4992219089102,0.92429534422847,-3.05725476158477,41.7766255148718
"308",9.73593493441059,3.8129063366532,1.50288378171231,33.6151974213358
"309",12.6060330170065,5.97045908967354,1.98404128498579,43.4479718216638
"310",14.652659900275,1.4815657530377,-1.19430377262074,22.2202204618132
"311",12.8077508576576,4.47356926133061,-1.03367332807021,20.3397224694452
"312",10.7628551152397,-2.07210449425305,-3.24526504012201,33.3715339660035
"313",11.7670945034895,6.98427848932691,-0.500195617958127,15.087386208466
"314",11.471945696753,-2.53099324764399,-0.0447075577643024,46.1917222129038
"315",10.8819439813122,-0.99343144784032,-1.8368657556329,23.9701090733605
"316",17.5373116158774,8.54498685918023,3.0088868890315,32.1577830465627
"317",10.3424488929578,6.56630683798033,0.503771245318014,36.8377499252225
"318",15.49253681625,8.21267960609949,0.928894453665022,35.9112460795905
"319",11.7902080312317,1.59668820140282,3.1019523791683,24.3025097349366
"320",12.5083337125539,4.00483591545634,4.27649823754657,16.9983986803078
"321",14.2354744363364,NA,NA,23.0265791693315
"322",12.422666212151,5.92699348277124,0.517807980022621,8.37910258665176
"323",14.045675002099,4.95145643117552,0.59883395360021,21.5005678345335
"324",7.05087477945941,-4.34266885241461,-0.6465662632617,-1.46883343512633
"325",11.6854412345296,0.793982185366719,-2.54605625550294,12.4065335980258
"326",9.59284925884119,-0.340366195405772,-2.10842305901017,28.298970119772
"327",12.1948401718355,2.00485026230218,-2.96113216310808,35.6067953893766
"328",11.7981675075774,1.6480412517415,2.3354772206464,23.6519589560033
"329",11.6366078898977,12.4948448886972,1.42512252546378,38.6365742349355
"330",13.7338554639241,2.09437123822522,-1.37263086923808,22.7128637598405
"331",15.360460306492,4.67564161164424,1.5619180186105,19.4362563510561
"332",13.2887673433,4.7450553105439,2.93171824733914,14.5248937896836
"333",13.1640897527645,1.85221804322925,0.528704145342892,22.0841801873317
"334",11.3820710828585,1.57122164737354,4.67700521253246,14.3886863923167
"335",12.174820147227,3.03541136935007,-1.87664353400711,32.5712753038798
"336",12.0027101972884,3.13105676527366,0.252386152055596,-3.11163082665454
"337",10.4023067414599,1.29233514790065,-2.55501480861563,29.2817722675343
"338",9.24820370195684,-1.29002520775844,4.29771616052584,3.69083919413425
"339",13.0635912734361,7.43855659242146,4.89330020223319,27.736142993005
"340",14.6884217462621,-2.13920965769409,0.55935486641808,38.6160682192022
"341",11.7413080576047,0.8497591944753,1.27894110980013,20.3242888187221
"342",12.8169402326492,0.998195950414529,-0.311949702649694,38.5767201300078
"343",8.65902444382268,-3.62332801507419,1.8488525624542,14.0039886585895
"344",12.2261459860807,5.56112769702086,0.0674631915022983,19.8969638729359
"345",11.2166720418721,3.78564216603541,1.53822997638768,39.6558114480807
"346",12.1130673739327,6.95383263677209,5.3041953476161,45.186586004067
"347",10.3308737370947,-2.77191983478112,0.950910355536831,25.8635600781166
"348",10.1429897332584,-7.69382650360619,-1.19423668389607,16.7143480571328
"349",11.1109012836225,2.65614518540776,-1.78988362979344,27.3369180810555
"350",13.7401686159203,6.02642490674875,4.11568026998697,50.3925215857154
"351",10.9167420871212,-1.43450491919716,-2.85365743516915,44.5262067426071
"352",14.1274723163933,-0.112380633175253,-5.10903457960949,41.358167733701
"353",12.5384872573719,-0.176533622675672,-0.105577187808374,44.7565971367838
"354",14.7188255242245,2.78154099139083,-5.05354426733067,36.8030676063925
"355",13.7476799439348,10.7623068244036,7.63501651732877,42.7016228435672
"356",12.0816994153909,-1.39824323131776,-0.391407755194682,21.3782822856544
"357",10.7857252870218,1.75335906581215,-2.18731910484592,19.3905796007836
"358",13.4367991665554,1.03775179596384,-3.42744451121841,25.452479592297
"359",8.10408692694918,5.95394613900517,2.58460709740717,22.8245098178775
"360",10.1963734757059,-0.574607608989771,-5.09998312775689,37.8544156108302
"361",10.5713338595693,2.70787906850587,2.14000172730973,24.2032342755819
"362",15.3573324874043,-0.158605174977794,-3.70029202819422,33.884838984611
"363",10.373505598632,5.46967845726206,-0.959008785419791,36.8808610100865
"364",10.6994979579571,-3.75792574087288,-0.750968885728887,12.8493207144632
"365",11.5500221608481,3.35780487373402,0.252824496465503,41.9045085284875
"366",11.9704404138796,6.15759175194492,-3.35040208923123,41.5906997287121
"367",13.784756652329,6.31500896070693,-0.157381884588054,23.9965341036118
"368",14.410218557395,2.52976442586454,4.46023658857884,21.9508630181381
"369",11.019046846994,4.29341207774602,4.29587774665002,29.3586259108057
"370",9.23956257075212,1.8929437314998,-1.39382684138156,34.8436218629447
"371",10.3503023592213,1.23875933136839,0.693165788953526,20.8968709316167
"372",10.6292172274195,-4.01883570898275,0.785988626700199,3.5536425755679
"373",12.8988706969632,2.47519132465207,1.20331839034151,25.9260499772218
"374",17.1879760094801,13.6299442177112,0.883515787770099,38.2686044666773
"375",14.5145587875314,5.76098003922669,-0.159689345992407,15.3859573666562
"376",9.29259758548026,0.524549356370524,0.392503600120722,16.8192857676541
"377",10.5871266259118,-0.0685469785505943,-3.67446152094748,18.6526221727479
"378",14.1319684552755,5.39734094519407,2.54910888126415,28.5555224828189
"379",10.4899432484149,-3.65577538923225,-1.99773225425481,28.3905594406485
"380",11.8376436395484,4.12020423760279,2.11296210734956,44.9409868202341
"381",11.8522572294199,3.32345213394216,0.739992552145232,21.0206349316158
"382",7.61731174687748,-3.69809967352326,-1.83208055337493,33.4802468647691
"383",14.2483566011252,4.09150125544836,0.53715672114617,31.2787028147957
"384",12.6401548470995,1.93587581951926,-0.590057551483401,18.6383250075921
"385",9.92431552020125,-2.02981594060612,2.38939266530653,7.65540994002534
"386",11.4343137299153,-2.30366069564787,-5.91325806317894,20.7769223331234
"387",9.34903340057424,7.06722081162617,-3.60010787246401,28.8915511710964
"388",10.8282464920997,0.335688391754038,-1.20610005308473,22.6735994875699
"389",15.2478437998935,4.73519169127243,4.39243828136635,19.9198241733364
"390",11.0988688859161,-0.199434956886986,-3.0031265974822,29.8981022956931
"391",15.0535539089961,2.37235389424777,-1.24797048999426,21.5310125510072
"392",13.7220227868038,0.336043853364276,-0.929037159084335,15.123756723969
"393",12.4431347291665,1.79143135501749,-0.699401947473861,26.9531803167622
"394",9.36478331782324,0.532574437540722,-3.04833696826804,8.89917478697085
"395",10.356916208997,1.25593272472162,-1.64354008175113,35.5618626252422
"396",8.50400452641215,3.60597401579998,3.80854522620511,29.8236434538611
"397",11.4146599788399,3.03127617616905,2.18403659159553,28.9315023250464
"398",8.05090885583707,-1.29825665436864,0.655064306555942,15.8590660234864
"399",12.3296165154325,3.58720991338868,1.03690625217092,17.9867972041871
"400",10.6834454358239,-2.3640011038262,0.679664708418428,16.3270490575691
"401",11.2081625545406,-2.98287159298178,-4.46058992762979,32.9168059250561
"402",10.7237600180175,1.59057288197602,-5.6912570246574,30.2045249853768
"403",13.2153514682094,7.32032887377413,-0.142624642249651,46.9851590592688
"404",12.9643223144251,0.538964353315522,2.71184016992663,32.0026493717589
"405",12.5384330379257,3.11659961756602,-3.03252285337865,35.3996141541457
"406",11.3606257284028,2.30413754599705,1.54949212862463,18.7229836842309
"407",10.7079231312245,5.04911385203999,-1.59167765134743,28.0359319012805
"408",13.2199576497656,-2.34619388697684,-5.67400482888282,31.0405824915485
"409",11.690513989726,6.40237328772687,0.201533325383147,20.1011637472239
"410",9.45729858455159,6.08253549411608,4.16102378438853,24.2584096581176
"411",13.8746847915592,9.84890509679611,-0.865229096477988,21.3755366833966
"412",13.0023449536544,4.45166417714781,1.91334260448647,48.3632928227732
"413",12.6979933678067,4.47429632667597,-0.392305869254452,35.1577404772851
"414",13.4092700130222,1.73584176759151,1.77053818096823,37.4743220066593
"415",10.2284211748566,0.970295176797615,0.801097764048482,21.8812058795688
"416",10.5742621145954,-2.76198263027435,-0.261160602248495,18.3735476823325
"417",6.32508533487877,-5.45308697240594,-2.57085523635612,11.6274272507743
"418",15.1783341382159,11.6736969918839,2.06575082692454,0.597698236700467
"419",11.6632682548824,1.63553294126162,4.63507594721547,19.9822454403277
"420",12.7951772969203,6.64195637763824,6.84167846900808,19.7242393054057
"421",14.0557243293302,-3.16057894620142,-0.87206752140466,35.0369168864423
"422",10.9471834043492,2.11756882878895,2.26194296753395,36.870686166031
"423",14.337819841541,8.31004345041615,-0.282699966925835,34.5966725157759
"424",12.6593805930719,0.869973193796259,-0.989266666118716,23.3349600469126
"425",11.7027140879449,-3.74028197826827,1.72059489874523,28.2926932747888
"426",10.0739574775423,2.04962463163913,0.746268931248659,33.0061960919684
"427",12.2842060113975,0.0376849268471493,-0.275682428716135,15.6136268790041
"428",11.8036686767146,-1.01617296150093,1.72274375771531,36.9974364183418
"429",12.7450993002528,3.84030184714832,8.77893229405974,20.3704606479085
"430",9.65183505753408,3.88757930952316,2.6018330791474,1.71206380649986
"431",10.1388614155099,1.77241112906668,-2.93466740053521,32.0930017972879
"432",13.5855037465186,7.90693664761226,1.21507102000937,32.5826360298986
"433",12.0621534382317,1.83821010054044,3.56699154828234,37.9631722010118
"434",11.1735298203339,7.19793270786234,1.45928474836696,22.2781445823358
"435",16.1806774841494,NA,2.07214424205775,20.8246963589442
"436",NA,1.22498404920474,4.98877458385957,NA
"437",15.701911450443,6.55406016053537,2.03780369390027,24.2833632905062
"438",14.0912239291701,2.92781480950511,-1.67559062477948,16.9053593420317
"439",12.134665675916,-0.0651174603598372,6.97480174714796,14.6602654082601
"440",13.0869470259993,4.70623875832024,0.416036759040833,32.9772708779232
"441",13.8826763443686,9.07480053252958,2.66912453867067,36.1684476295022
"442",9.09788762650932,4.68028505996824,2.47404962046119,7.63427302670345
"443",14.1935029941662,0.661647751050109,0.528020832842417,32.1383991685198
"444",10.4603980496171,4.00586049839359,3.97793352611885,29.8064075014548
"445",11.5916379227186,6.14965146263162,-1.01080460714713,42.5410402138766
"446",12.479393542485,4.55469676967147,2.94033632460374,33.01261373886
"447",12.0503308494605,2.96729022174956,4.67589548203036,31.0560510342058
"448",9.92335872052082,2.10983561925039,2.25449453405942,29.6058893544681
"449",9.20530147722715,3.60073977627185,1.04972905169796,19.2732960279623
"450",11.4847668096121,2.79734063747402,-6.461631577572,13.9956108207505
"451",11.6923469428571,5.60868401784079,4.65857903894212,31.94862481383
"452",10.8154247035099,0.586985417879558,1.46938265546086,21.8861018738219
"453",8.60032823268137,-1.34884740055955,-0.477813139527396,22.6559626683946
"454",13.4119009328946,2.18295305834936,2.47233395886455,30.1272672439515
"455",13.4975566507462,4.92852953944085,0.109397505148317,43.6757577828428
"456",12.9486653887447,1.22476405530491,0.401233475673236,24.8659294977143
"457",10.9819891125463,6.95740799354333,1.94239834705032,22.316269887113
"458",11.1482180211498,4.62384126132491,0.626172946457318,26.4819678004058
"459",11.3070801803199,5.3505087479874,1.45414881177703,17.5706319603134
"460",14.6414570088136,5.12176419042301,-0.403014462794838,32.421125041692
"461",12.7305306588681,-5.12657394766811,4.16461577448289,31.3229196894645
"462",10.0092556806249,0.183402196600622,3.62701104270387,5.31227860891819
"463",11.9146917552487,3.29631951213824,-3.15241167223331,17.6259827473383
"464",13.6857849046788,4.37123797746464,2.64030939078272,23.9035022426722
"465",13.289812411269,9.32907665684187,2.42784131155994,23.8946416335332
"466",10.0212350578215,1.77304394126454,4.49182239477598,12.5954470432021
"467",8.35899074231528,-1.53235102771302,-1.9298548332283,-4.97252761508874
"468",7.25477516257681,-0.760561141028228,-0.893189371512366,2.21620397621269
"469",11.9268028482755,-3.13158120232204,1.44462739831379,31.0643801397355
"470",9.92835755923561,3.49320329628011,1.18598950250669,-3.42550023657155
"471",9.03617939815885,0.726506616674956,0.487676544229328,18.3216808784951
"472",14.0119411131371,1.33303675995779,1.44793781165307,23.7702693355362
"473",11.3945332112146,-0.484976617306539,2.71977360154612,24.0266650628581
"474",11.0005962236393,-2.19109121527416,0.736596887312079,29.7041951050919
"475",12.701497342144,5.40593341028884,0.362378364379354,26.9610957165505
"476",11.6042602805156,4.98192433061023,0.458438036033252,16.9732510687661
"477",12.4689516825674,0.497129962718802,4.1464354389936,32.1431053424396
"478",11.8473592400701,-1.31123487692595,-2.17624833747958,NA
"479",10.2064224120816,4.47383277237926,-1.2222638574885,23.593049427903
"480",11.2822135957924,0.586141962748911,-3.6553274448859,28.3754205497237
"481",14.4988759001248,6.28481824326556,-0.517512039454456,18.8340989065411
"482",7.92614821866875,1.44848037975229,-7.85245416770719,21.1061193386774
"483",11.8404642547349,5.13041139111131,-0.545786212921873,31.6297978780731
"484",10.9036696633703,3.95730976489993,-0.0557295472679609,26.4365625207278
"485",13.4242098893623,7.66530980662207,-2.53355569445593,33.1497610307896
"486",12.1315754094568,-1.50837055642402,-1.9613969347287,19.6881898255657
"487",11.896156058452,5.78033944814703,5.9282915403121,5.247355796018
"488",11.8281705010587,0.152592188205491,-6.41853485182153,36.0754078394591
"489",11.7173257814111,6.30740712592029,-3.48714329213407,29.0197182350328
"490",13.993288802241,4.65329724876412,-0.621293571081986,36.2966078791989
"491",17.3296875509115,14.4563762964286,2.92537122950033,51.0737253474731
"492",13.411617447046,4.96510370695965,2.45545147556858,13.8438507362921
"493",11.2684033235904,1.99187783711246,4.03909355407998,21.7395795792845
"494",9.07044705663403,-3.73633877319503,-2.54719544946253,18.1212540153602
"495",14.2036930607722,6.74922566924713,-0.496386718299518,17.0412530907373
"496",8.13041546426512,-1.65002482455016,-3.97336443454922,25.5134723597151
"497",10.891890724971,-1.88573927006525,0.790118907628207,14.2544692343006
"498",14.2064925355353,8.46718569189379,3.56398596331294,40.4460761334713
"499",12.1198913689372,1.85662644592168,2.82194367923084,22.512310284903
"500",7.89555406976809,1.35341417121208,3.73682759047247,15.4430460892782
"501",10.149770416439,-1.60607922353435,-1.36467952585098,35.3747075593771
"502",11.4613311025248,4.45828159521145,0.836686473192416,13.1345991382517
"503",NA,NA,NA,15.2675946514723
"504",9.91907118719281,4.98613869940331,1.0090418531394,16.4083755484709
"505",12.693315192782,4.08219844995615,-5.56464491684372,39.5910987241927
"506",12.035790798543,7.96060884112871,1.09480206184994,45.4277921344705
"507",12.448747054009,-0.148254092577077,-2.95297968791891,50.2359332708056
"508",15.8028774241904,3.39486616890227,1.27671636031043,19.5223024981032
"509",11.306577634142,6.07363326523448,4.07549156808278,30.9814975918271
"510",11.8261735971933,-0.224364462738145,-1.68204099470138,4.62691961549985
"511",12.3963575017825,3.02177280620425,-3.42987337517646,24.8950315306327
"512",10.6108325771682,0.216268893836476,6.48288127000688,7.21030342273406
"513",13.3452093049822,0.592138670835646,4.43394817966776,24.2512771810366
"514",12.3196018951609,5.22137598762475,3.92705095974932,16.9445719550356
"515",14.3170878614394,11.0748180774363,4.43792783894318,25.503518502479
"516",13.8370789020643,1.11498647316927,-1.13008657617492,23.4633103619169
"517",15.6108746267821,7.10596487359553,0.632663093830889,NA
"518",11.2131431448218,0.571930902008999,-1.73530930992175,13.2391270340031
"519",9.82052814696807,2.59516537258822,-1.1840991303997,31.3022595641603
"520",10.5509022776582,3.35060306609606,-2.02879998934352,24.4619641300704
"521",9.85342904217954,4.04602135591182,-3.15444653765811,30.1313561043543
"522",10.9489282848468,1.05160788525338,-0.756007267826299,14.8831328114351
"523",10.7020179050793,4.6444833319898,1.11414405076751,28.0330874792874
"524",9.49066237048329,-3.23758302608764,2.66283766213931,24.5363500268588
"525",9.08610644269858,-1.18892351112308,-3.7345392011183,12.0185534765791
"526",12.3328853630544,4.39288958616336,4.56531352050135,17.7097135857246
"527",12.5362652124947,5.10319143272922,6.418945877372,22.9351102991182
"528",14.4633353607829,6.21483927934907,1.86923927019168,38.5123254012761
"529",9.40346513902475,8.31550432555184,5.07212700549741,32.4760962391917
"530",9.6771673667172,3.67830236195796,5.2811177047625,28.624040695936
"531",14.2842497396118,9.07017845004481,4.7026923968328,45.7212096829787
"532",12.9214688458706,-6.89921280776898,1.6142670994754,38.6817911192843
"533",10.9000479848472,2.43532819399305,1.59092450841808,42.0326443081589
"534",10.7745440663098,-1.59763873659527,-1.88811340954304,15.361913829377
"535",NA,4.87441525245241,NA,37.4287446399854
"536",9.83485182362297,-0.234608182002238,0.498872920580767,20.0509115472148
"537",11.9641170470436,2.64139847986205,1.35156218819529,23.609664663044
"538",8.6339481724609,4.51232987761392,-0.209892940915829,18.8723555186745
"539",11.9331159538047,1.99004061260232,-3.05063836465772,25.0197822708115
"540",10.4908409893466,6.39686198782985,3.76981873163947,29.9567551329125
"541",13.354942191005,3.99194666749193,-1.06168036674426,26.640716888363
"542",8.40325026313852,0.878722541723255,-0.0801804059222407,19.9084223046603
"543",12.6067150949428,4.10231434960044,1.14595597558665,27.0858842128852
"544",12.6248055433959,3.80719507802061,2.94898566180704,38.3427490565053
"545",9.85549636181076,3.60348268347175,-4.50281667038022,23.7972076794835
"546",8.86232054343351,0.222397813889618,-1.17848545382966,6.64021863399918
"547",13.1742535557574,1.76406973084871,1.1394284021675,33.282893664502
"548",11.9736545559239,3.96286712058345,1.62755643820197,29.450508975457
"549",11.5178984241334,2.14180301904899,-3.8913375735715,39.5851749904127
"550",12.3621429275222,1.09739453596025,2.1617707382362,25.9591257592633
"551",13.3882483869038,5.54525331320498,-1.07100027721255,40.4278845794054
"552",10.2071388905278,2.36646681244093,-3.82817160611351,27.5050631079563
"553",10.6357742012241,1.54248191291261,1.06678185069393,-0.0975633431437828
"554",8.69499229474426,0.616742678659867,-3.81337347946032,20.2118607505273
"555",9.11155171804818,-2.8386891428107,-1.01611092995076,28.989778856306
"556",13.8203941226264,6.78083037018124,1.00531812995183,18.5348874695839
"557",9.39277151865817,2.67487813949171,-0.891269147680668,28.3966639776031
"558",15.2368325928668,3.72087654510057,3.63300546469653,24.8431306003933
"559",11.0892744043393,3.60798325344965,-0.000119941806028812,29.5598945102822
"560",10.9452909837067,1.30072986267279,2.77689624185944,18.2228302547759
"561",13.2383001376654,-3.26157614285231,-6.8572284396563,35.6151328740457
"562",14.0009331407977,2.39152784903193,-2.44228376827908,30.2462918399779
"563",9.38194601176645,2.10838839037726,-4.6169842035637,31.9750196751303
"564",13.6290018503923,3.9109638163833,-2.53059136418539,48.6889795466536
"565",10.1024173760467,2.70763181318146,-5.18182575507795,42.557962786672
"566",8.84276976401008,0.85394786569828,-2.86240052028772,35.741018969171
"567",11.9214943576338,-0.236575137807657,2.97958313309517,23.5657668542037
"568",13.6552369712929,9.96176121917278,NA,NA
"569",12.9540541898331,13.4004704897733,8.0399468346174,34.9834904385219
"570",11.7915381432132,1.03931935358381,6.90458079887682,19.0231241752492
"571",NA,-0.750410404214849,0.318022320159834,23.1788420121772
"572",11.5548970488775,4.06772883242081,0.533093196775205,20.5678299196371
"573",NA,3.07653097138257,NA,NA
"574",14.0947927101875,7.90649843372003,5.85872056803247,32.7053539303442
"575",16.3987361290103,7.09507910273807,2.84958857926928,37.3269497825253
"576",12.7962108808322,6.23372330425287,2.29117344178171,26.9401688965785
"577",11.9363488992927,3.20163490888352,1.22780640104743,20.7650035208097
"578",9.11418464974647,-1.42538347233285,-1.29375350333288,40.5947965178932
"579",15.0335228714363,2.86347489820598,2.21047852811576,29.5389391639014
"580",17.434133314608,10.5110605191345,2.49076920774921,36.5601368973058
"581",11.7516686967128,6.73921205520991,0.00278510280136757,20.8793835915913
"582",13.7803242738021,2.87507470139814,3.91116618274003,24.7749173264922
"583",10.0993740488608,-2.3212040614786,-0.639449233337556,18.8054007005605
"584",11.3614850446373,-1.05165555589477,-3.72782173950792,40.2953110092105
"585",16.1662609586714,6.89928588701332,0.449656143903296,45.1844259294776
"586",13.9609924750809,1.45202122540549,-1.35489458521796,41.8138971538841
"587",13.1320917978395,3.44221396171983,-0.00454361860461061,17.213112411225
"588",NA,NA,NA,18.4416909146174
"589",12.6815341480036,6.60295564881165,0.267967585492827,27.5723500314548
"590",11.7042433109951,2.70410255146817,2.10210029446309,33.4467880154215
"591",12.1769361181856,-4.18338858759957,2.28899117269791,21.359794556468
"592",11.8311713399712,0.438538185789808,-0.744961559372413,35.3641892365398
"593",13.550551106063,4.47072700196846,-3.22753221082925,45.4606411988105
"594",12.8640077748429,-3.8722885430613,-1.24040452802387,29.2134368880189
"595",NA,4.51154329836186,0.44814848366965,NA
"596",13.0832415410049,8.70214278152042,4.28525271116481,29.8016120061646
"597",13.571005114032,1.7570079776591,1.88583435442882,20.8876109924292
"598",12.9903739026654,0.785121018193764,2.82666496979196,16.776046654135
"599",15.1324797807107,4.00432140519781,2.99695199287564,4.18573086370107
"600",11.4154821047616,-0.744643753278882,-2.73459234965573,25.9449314146105
"601",12.7863443595391,3.60195078434151,1.73772556156041,35.5361905689639
"602",13.3234991839205,4.12415178412899,1.35235088985506,33.6816985489522
"603",12.4088589650901,5.20845738944383,-3.87412703409843,27.2355313859649
"604",13.2198437017115,0.0557765149098302,-3.95867162693031,42.9150654431875
"605",10.3915735008886,5.94937692755809,1.42032862753794,16.267427580634
"606",NA,NA,0.311465912765995,NA
"607",13.7075751989055,1.59489385063169,5.36240532250915,37.956610598268
"608",12.072907838086,4.11115843099456,1.06727558585715,42.6564364299236
"609",16.4910718853957,9.78928120406544,2.19035829741469,51.7727021290616
"610",11.3468607820634,4.97157572118413,1.12772335196162,17.3949628223654
"611",11.4738264997532,-1.58090905037126,0.702058713981391,22.9573894434514
"612",11.7367294145001,2.21002151394181,-3.07106414718783,34.3953507266718
"613",13.6559099684469,2.6484999212219,2.92648234131574,6.43411681067643
"614",14.5287516575295,2.1972893600621,0.206946077251968,24.6579715305853
"615",10.4103696855925,1.48415728226881,-3.79849228356839,46.902097257415
"616",15.7320709932186,14.6350644587523,4.02603446629258,44.939393647945
"617",9.10609822630751,-2.14463404243711,-5.20995596857999,12.2337064686657
"618",17.7576666479925,13.6888206577981,4.18569906262357,33.9222068097001
"619",14.9040738442762,2.17519942331839,-1.18725010324284,37.2088577006776
"620",9.99472318535967,-0.346756995240766,-3.1395772873675,18.0779169057278
"621",9.54519669728315,0.898131773477186,-0.026338816707109,22.3045141560849
"622",11.1377476442587,3.07099324464419,4.71615764404673,29.8954161887846
"623",12.4166051631853,3.45287995705545,0.736934377907434,25.0812182852147
"624",9.25895945372256,-2.08713375930941,-1.92343532027665,18.4174744528175
"625",9.32384764554147,2.77231401547798,0.784542140847474,2.78123120625131
"626",10.2520981002019,5.17717202862015,1.21702663770311,19.6220853268886
"627",11.7065496141626,3.41384648299489,0.967118266779158,21.7908896990048
"628",10.9733720728203,1.46022021113998,-1.74922982437608,21.6520140033938
"629",7.6286194979347,1.06882895830572,2.05158116240928,10.9419330899212
"630",11.0530504487811,3.66967444112031,0.918096353504186,38.9141612256051
"631",12.4574447230251,3.85770829844969,-0.844211523578175,20.2212061928074
"632",12.8247027579031,-1.27310770831164,1.90690120809228,34.8804055144652
"633",14.0531151573221,7.69537234156174,0.19385050033215,26.8561228199524
"634",12.4840116202935,2.49248010464011,8.53802035207005,14.280655700331
"635",12.9636266649297,5.04211786340136,-3.66144031497832,26.7998067636213
"636",9.78828481324024,-1.97131926053266,0.201670090084236,22.0285759161258
"637",11.8857051579688,4.93911340425981,1.28233728140068,15.7445468198217
"638",11.6252521845842,4.26794086129301,-0.716152020276248,33.5295765919802
"639",14.353001352034,9.53871444210046,6.20970735247948,20.2021103678642
"640",10.6381681024809,1.29523621369342,0.945887665370506,20.5556000338223
"641",14.4450705554695,6.01233926767439,0.0745553008925939,35.54233122471
"642",14.7847690877161,0.178346622861122,2.56744452511492,33.6698120320256
"643",12.0402547918972,8.52926524986133,3.84415428768012,39.0100125728314
"644",11.2883530097468,0.436723783796071,0.450873230268468,44.2828114235975
"645",13.0658807781116,5.55949411281416,5.3166063454793,32.971553552896
"646",12.9028366573549,0.220422970635729,-3.41674888824735,42.0970102897957
"647",8.95218351142267,5.50378191692213,-0.160114816435861,NA
"648",9.96206689475178,5.42962611061136,-1.35514474350478,30.3458435638862
"649",11.2624233193966,6.6027355941104,1.79273637450398,16.933930040194
"650",13.9944327369237,9.25057933141441,4.23895958386992,34.5933017508311
"651",9.39276341720256,-6.51500359098207,-4.69325400987024,11.5584930128368
"652",12.5693012509274,1.3459769478275,3.99975290591486,18.5687646496693
"653",NA,NA,NA,30.8820810317114
"654",11.4498106400038,3.45976692205838,1.9849730138576,33.916493370525
"655",13.271539650509,4.29388153639147,-4.13845359165666,19.2541401236655
"656",9.58204097011481,-1.40344854961815,-4.98046212210652,29.1460068556499
"657",13.9732629833777,5.53355749864541,-1.55184368173402,41.7190655878388
"658",9.86307192026883,-0.0144493743210603,1.42967294868225,28.9348505828896
"659",8.49575912686048,1.4041716584518,-0.502219928210565,3.31775102198613
"660",14.2245867205843,7.41424089682861,1.06281561734485,30.7304365260397
"661",12.7287262511401,5.01569075247522,4.54792015874645,25.0127012916838
"662",13.8657811030005,3.55354166663709,5.47071157117643,15.7544717635496
"663",12.8027970697137,2.819922037611,1.68431815523319,19.7090356656365
"664",11.9791073278042,0.590631978981415,-1.55386457332896,20.9859211435516
"665",14.8429704660371,-0.481683340873528,4.89936406074214,30.733556310999
"666",10.4282962416775,-1.5495960996914,0.323327749548798,19.0750635716313
"667",13.3322966212646,11.0917466971968,3.40776361140898,27.2684432851065
"668",13.294694092468,5.11433973902142,-1.23004561559297,32.0691141811241
"669",14.3555068977904,3.3128618031685,2.07507467375895,40.5559956092439
"670",11.3395391604543,2.07034921291205,-1.78822607926927,18.9940947296174
"671",6.04765001561937,-4.9700401419551,-3.28336090777448,14.4077636293443
"672",NA,6.77212798427601,0.398714445183732,12.943275207229
"673",9.90228057522145,3.33444858417817,2.74499553748876,26.5927315309565
"674",13.613372615303,4.03125146704769,3.04860618732049,13.2633016601687
"675",10.6701738684386,-2.71174640714315,-4.71510330093893,37.987822542323
"676",10.35338183647,5.57936155709774,-0.705245234753272,23.7101041665194
"677",12.3773939084286,-0.607450203603068,-3.05830006850038,18.3846142095171
"678",10.5567369356766,-3.0867494408392,-1.21853829402374,26.4749543912181
"679",13.2442524231343,2.34903304201313,0.796375398066543,22.7890267904125
"680",12.5988371092595,-0.388265298576014,-0.757449419001525,42.0685106012183
"681",11.0896151263185,1.31828018273528,-2.80139871216625,39.1898218639117
"682",11.62031303812,6.29423404588464,1.02355165895287,30.2355848657905
"683",15.4648403596182,4.42482177556821,4.32174310549714,27.3535208105234
"684",10.421099681591,-3.55609150288466,3.31167218099862,17.9529448734432
"685",8.70757834944204,1.05244120866885,-5.11069025291271,31.6194824635234
"686",13.7595736499386,11.9737948850973,5.56450114699194,18.5960957907933
"687",9.93317246174584,2.58601467078511,-1.43002138165867,48.7206575745107
"688",9.36340965997918,-4.6243323824359,3.42926898349944,22.2568325512328
"689",9.19379254802058,0.241888013259505,-2.76794080880309,16.584897355987
"690",13.410284691738,10.1877613239692,1.19887306035969,42.3093268685925
"691",13.8634362441887,6.31134851146581,0.954891185343185,26.3558273652957
"692",10.1537192849276,-4.283967471281,-1.53092199824552,13.6834827495852
"693",9.26121607566938,5.29629073464332,NA,NA
"694",11.9107240595248,0.0880388111274626,3.46392711455732,31.4245074414692
"695",14.3136324366167,NA,3.16803763205903,NA
"696",7.61383585760613,-0.837036397096266,-1.86128465603212,5.95412513464383
"697",10.6092276955276,0.254061654768962,3.53848969874078,25.2979210271536
"698",10.2889186173565,-6.17505156388945,-7.3396512378983,29.5734685044817
"699",12.8578934121164,3.70847318884528,-1.80926472170213,33.960909631797
"700",9.44949950435256,5.0636562556987,-3.44776730988117,35.7345438454005
"701",10.0311699791937,-0.639527780167918,-2.65998713107754,29.8877041785638
"702",11.7199146112959,6.27694515396639,4.53894494163148,12.2252322370583
"703",13.0473069874412,6.90628319737849,-0.21391126311499,18.31782558156
"704",9.24768941767507,-3.49954123894616,-4.69538719760344,15.7691843546059
"705",11.7257217771984,3.20695672569956,1.13371336047911,18.8538853609635
"706",12.1068184251081,1.29229998110002,-3.1945732902169,25.2249271791148
"707",13.1025865959006,8.94110423624133,2.42628043764547,50.589287831467
"708",NA,NA,-7.64800522467626,NA
"709",13.0001167093647,4.20202947915606,2.86418933468013,31.9086456425951
"710",11.9511002219638,-1.04638485438487,-2.41887168614434,32.3035831318497
"711",11.3852716278432,0.381080614406331,3.36267299946161,14.601697882858
"712",12.4288697552595,9.06981521165599,3.59917759664131,19.7853509462663
"713",13.6873825202305,6.28436975159579,5.74296169386343,54.8015914993836
"714",12.3585236605317,8.23478847306997,3.46963494714673,35.6832451787258
"715",13.1278900120824,2.47471341534888,0.830316476764812,38.1352107834715
"716",11.933135708333,5.97211863451762,0.538782602925786,36.3952358584657
"717",9.92598626476029,-6.13493690878286,-0.722886917480084,25.3420698444887
"718",10.627942766325,3.83174966195826,3.22900482547078,34.2870803303969
"719",13.5032115662829,8.09960843476054,5.117497827486,41.6341614618288
"720",12.558258114676,-1.01701869766128,-1.18982026274432,20.2809174318079
"721",NA,NA,-3.48930303074213,NA
"722",13.3141288268239,5.26032169580602,4.17547244056198,32.3142393091801
"723",11.122774654501,5.77129937139026,-1.70350788672752,33.2118183199701
"724",14.0152937818797,10.0486950502069,3.08201101466421,24.0549585500377
"725",12.7773796285817,1.6781064802308,-2.43882378377126,22.9450979373725
"726",14.720845938815,6.80905228989222,2.78301324106422,39.5681237473867
"727",12.5160778558111,1.31237362140747,-1.80683196200841,39.5506006395398
"728",NA,NA,NA,28.2962152185557
"729",16.1968210523339,1.28987079263864,1.61896651290345,25.0460971981924
"730",14.4581118191743,1.31840184361704,-0.544438979612661,32.9033116400983
"731",11.6006429407416,5.1068916178807,0.892348484359909,19.8973113538398
"732",7.86032127712323,-5.607669077753,-2.386038262705,15.1966412226531
"733",12.8965804018118,NA,NA,13.254772008349
"734",14.0392860162717,7.36768336229231,-0.785999991204484,27.4416288251695
"735",15.1067452750761,-3.9867390050582,-0.689457605891706,25.2436104150448
"736",NA,3.12798701983325,-0.576811987446756,18.3566570639894
"737",12.3525889561889,2.10391722185368,1.64965237428025,16.1864215646964
"738",12.4655541406417,4.27376585899344,-0.389771237397426,25.1879751891476
"739",11.5702941458373,2.55541999907687,-1.78939290359566,33.164798223287
"740",7.71170811761616,0.274269935236322,0.681610341396066,18.0860606929066
"741",8.98881896927774,-6.48717466865557,-3.43106084105811,15.0937374305827
"742",14.514627679003,0.165198166289731,-0.84259970899862,22.2024352684435
"743",16.6182161716227,5.80249519119685,3.55417530594916,45.5787890981902
"744",11.2493617992296,2.07892934707215,1.97143702787189,34.8814268837076
"745",12.0304935369072,3.56432251835726,-3.14204641295412,40.4184960752085
"746",11.9503916655252,9.78856409768374,3.47075196590662,33.0828042974488
"747",NA,6.7071217445289,NA,NA
"748",13.0134570376817,6.43381693215946,-3.25830101754175,25.2219950932186
"749",11.0278830235865,0.381182432354865,-2.73103511490698,24.4123823381703
"750",10.4995987091042,1.16687620976986,-3.57167699258083,25.20188638305
"751",11.8467565476576,2.1925832012244,-2.80479408150602,7.06594572883885
"752",11.4289983003728,4.26071261690545,-0.146375516479375,24.6115789888185
"753",16.9160388381234,11.4902427663161,3.99504699132595,37.5951773593598
"754",10.1973834650638,2.28222731894379,-1.9137337833959,4.39748272756646
"755",12.7423350396662,2.38061539074023,-0.0200118710821834,39.4908071218866
"756",8.90662432255124,-3.38530058492862,-3.36937901113413,11.1470841860463
"757",11.8254281174025,0.745824948169928,1.66436846327004,34.9474346094042
"758",13.3231750459102,2.33978935064497,-1.00143137493935,27.191108507905
"759",13.8151934786677,6.28454606068524,-0.0613190942844155,32.727023208002
"760",11.0141859651477,6.3313451753151,-2.80091837098572,11.0920202179571
"761",15.0353814152586,7.13270109098832,-3.76282088859175,55.7312164458334
"762",13.3578262713764,1.74707997994127,-0.895904264030662,10.2082628693218
"763",12.9994442875342,5.22165398718949,5.17273022720247,NA
"764",15.1183158780788,8.64677261870707,4.29688513087118,39.8700909729961
"765",12.0850358186013,7.85754669483502,4.49567219995776,10.5352189105729
"766",10.4136381022446,1.75286667312867,-1.0512149115647,24.4664988140817
"767",13.8449981485709,10.8874883133899,0.266435703052075,21.3725780553554
"768",10.6210121561111,1.08076142529115,-0.307720918071538,20.5557099505933
"769",17.2288651040768,7.07548733396404,5.73181369997041,20.5716320948616
"770",14.8448200814789,7.75935105815087,-3.29424193534942,37.2570542441166
"771",10.6615641217018,-3.56527038267663,-1.37123132748213,17.7907387034431
"772",14.9664028280208,5.94760236235822,2.36302206310105,33.8529878441053
"773",9.58702449543483,NA,NA,NA
"774",10.4262421075607,9.98838272543126,2.46211525194512,17.7285210420097
"775",10.9620851438546,-2.26797207946944,-1.18953626406917,42.8168262045915
"776",NA,0.552237747116015,0.0364133571382281,NA
"777",14.1824741440943,2.41313010568684,-2.14286231856635,24.6052292374531
"778",13.6487018067169,8.36344535633079,1.0720905561852,28.7555637078475
"779",10.4771151257866,5.01324050338902,4.03045684877143,13.9173610541329
"780",11.5165923866981,7.82507316989892,3.4835329760107,21.4137082693527
"781",11.9269873028597,-0.706254768011552,-2.11547024508395,34.6490530206882
"782",13.438342222254,8.66409170846272,-0.858290988631236,43.9954766013084
"783",9.83874063025871,2.41521590327587,0.99428366959257,18.0908567041107
"784",NA,2.9445208429936,NA,NA
"785",14.0727561562777,4.66620840025565,2.56040527824062,24.1202764613416
"786",12.5954168618979,8.26528031952651,-2.612181645845,29.6318636461529
"787",12.5725253449235,4.18343688459047,0.926740353269258,30.978463350465
"788",10.5479606962828,0.301871247336914,-3.71913464208432,21.8863044243366
"789",10.9831071775288,-6.17644138290961,-4.14041762602604,25.2296301215705
"790",14.8522508535639,8.96827940312679,8.28340011590465,31.1136700525997
"791",11.8614580328002,-2.58412056842983,4.39139226220207,16.1031079485866
"792",8.35305341244542,-0.1754435996212,-0.731237866731665,35.7106313922846
"793",14.6956810669875,7.43383766381164,-0.907571076802991,22.7399305822858
"794",12.9059823594843,6.34459792127484,2.68005899016267,25.4477892242827
"795",9.5645652171022,9.47888988198379,-3.16309955617924,17.2706199945493
"796",12.8345232407713,-0.991125917597313,-6.43144416095024,29.3665722550079
"797",10.2872945891778,-0.27325828165967,-0.747557313212726,18.4290465992882
"798",12.7967872720781,4.80658983845182,-1.55937874275468,23.6939380075123
"799",14.3877731737532,1.4425208246752,4.4118145258486,25.9242224958107
"800",13.8905372376703,1.18158058637335,0.0392060304695284,44.4352601993462
"801",15.7426092840618,14.0433406069381,2.39633356997485,27.5098933285246
"802",11.2027901073322,1.38217827033441,3.5141546691709,39.3547730623128
"803",13.0480068602144,0.379844000261496,-2.317832856363,29.3397380114812
"804",14.7534106468354,3.88422569227689,4.04183226630451,28.9364270334473
"805",9.70021562371077,-3.54274159017017,-1.01928494982803,25.8753850966325
"806",11.5832434224909,5.32868580483442,1.29428773954104,16.0871907774196
"807",13.6188868201882,4.35768907067963,-1.73024256664832,33.5718481173642
"808",12.1079144631705,2.1260154379471,-0.0853150066566977,25.5292654270876
"809",10.9153255956306,5.88655521248049,-0.678385698557424,28.8445436707771
"810",13.9567953210875,8.92828383162245,2.18394019015956,19.2308390443899
"811",12.0275089691719,7.94957650449635,2.16907518509182,32.2489836748786
"812",11.2077253465491,-0.318355221758075,-1.09544488087486,23.2667529775164
"813",14.7787800181595,4.41064870014557,0.256595193391382,48.63750202327
"814",7.87882215597708,-2.20466388616265,-1.08605549355185,36.6585209526806
"815",10.9562842783454,0.543812037181233,-0.994791022883988,20.3110326999846
"816",12.9849952968534,4.1809553877478,4.57220299916667,26.0240618167743
"817",11.3527824760213,-2.58382796546705,-0.200879823724574,11.6361183533111
"818",14.9993648244141,NA,NA,NA
"819",14.2715596752557,3.3275522969481,0.509027789873743,37.413791561597
"820",13.6851760299409,8.37122845137763,4.36558899303241,46.4675865429075
"821",11.637359653902,-6.15750319196199,-3.84894757553781,10.4832263440989
"822",11.2330586815393,NA,5.29943046116899,NA
"823",11.4445884118033,0.257082549887782,-0.907868701914674,30.3200992575375
"824",12.2774407399838,-2.04916730149896,4.67247621150661,10.7968695808953
"825",13.263547455477,4.85536850961389,2.21280715521455,24.589341532092
"826",10.2979216007645,2.78189209148448,-1.15058312839797,18.0719361218522
"827",9.30773205233187,3.14229005658249,-1.81555891693578,2.52494246447366
"828",10.2706852576255,3.2861018882527,-0.544151972569845,45.6528876475189
"829",11.9183617562858,2.02214391578591,3.92227364072453,12.6632213032257
"830",14.2627457996803,6.14398465704796,6.78124151759282,21.665492829365
"831",15.7486994777276,11.2554407759832,1.66487397933096,40.766824754939
"832",14.6824962754205,NA,NA,NA
"833",15.0170205745264,8.91181878423888,4.26688305813306,35.8361858998616
"834",14.0839524449296,3.60874354966688,-2.36817265056931,28.3446712387047
"835",8.12426466584732,-3.2078715360902,3.3951210945336,13.4586499965021
"836",13.5234856660561,3.5952847772919,1.08249988339583,20.3135492018956
"837",9.61904745026871,-5.66123752591992,-0.589843978072273,22.4879403857229
"838",17.6971164736484,7.8065091594944,6.02241901665428,36.8688491126067
"839",13.8617865883195,2.66695237036061,-2.37398802848513,42.7198536343658
"840",10.4859173484159,-2.45863118521126,-2.16583656869153,7.21629480993176
"841",12.4100515190422,8.5574833518098,-1.65293618633393,32.2575229969069
"842",12.7177323333154,-0.218635373336078,-2.42979083657401,25.3575043096752
"843",12.2417717189308,3.03641475419435,2.31593082142472,21.5186033386999
"844",10.6841103002926,7.39073826585481,0.906029229046023,9.7505928830409
"845",10.8570457544675,0.662124975430146,4.73334299834239,16.9114383286489
"846",9.94853870065877,0.221392473057839,-5.32286758921213,5.85751187964792
"847",11.3659017565032,7.28839171519751,-0.533027765715955,22.3454280093972
"848",13.6981074539584,9.36468845446064,0.538751323007664,36.0822538967145
"849",11.2626215319495,-0.896874042135175,-2.01680452880643,20.511301660395
"850",12.7328450057965,-1.31287903435748,0.557810575341655,32.5847012164124
"851",12.4026834495715,5.68794098154557,-1.00871324366138,43.648576844187
"852",14.6539376083681,-1.16824391528018,0.178410025212966,46.5750486693082
"853",14.8396488430422,6.5834851682859,-0.256179265340731,48.770445973768
"854",8.67762827432832,-9.02392220257682,-4.55027423749412,25.8711158006882
"855",12.5856320615526,3.6203832462148,1.26581802933163,24.9854419948446
"856",10.1881116336384,5.26702184482456,-2.56968419599723,20.9672263502763
"857",8.05128570446985,-2.86557555928702,-5.64936879759414,16.0031648755591
"858",11.363412647754,0.325888191063209,1.80778914633701,33.2161923515001
"859",12.8058128624316,-2.25889043941836,0.336279285498032,18.1722981495205
"860",11.0345609912583,1.87571806307546,0.237940748637099,11.8014781401968
"861",13.6717527325016,7.32838450245566,1.6024233651287,29.4845022918238
"862",11.1471423690271,-2.57891019721584,-2.02208098706763,11.7455056722034
"863",15.6812150167676,-1.39498436462699,-0.233892325435446,21.8113863440655
"864",8.42354169169401,-3.60449698734823,-1.51175344403982,-2.23728425759177
"865",10.7370728850652,2.84794570507236,-3.68543304761123,33.0488280074602
"866",12.8948649934368,4.17136828038876,2.17398909665704,6.53545843410012
"867",9.38508700862225,-3.58680750447537,-0.0199177215999167,25.1049738910899
"868",10.2213033550583,-6.13902591465641,-1.85009729508055,29.8587778553464
"869",NA,NA,-0.405210180197007,16.8503360409106
"870",12.2281876846169,2.2253841500739,0.626012108159503,47.1029262510407
"871",13.666895998086,6.55116346179488,5.08942390198062,28.0155290932228
"872",14.2142073301571,11.9854902185649,4.36960356102966,31.6949137825707
"873",13.5868730084807,5.41433875256932,0.72976793051252,31.6248222940864
"874",10.1010121242643,2.42460999941192,-5.5061308437787,21.8720807598863
"875",10.8691181449989,2.94571083745233,2.18765305062378,24.8597423010952
"876",8.353381223612,4.23698542186175,-0.44863677353555,38.0749848051427
"877",12.1218164828404,3.1270835227736,-0.54591425317997,36.8277700571296
"878",12.3646721548814,10.35714705637,4.73531594344474,47.3314350447081
"879",10.1772501145126,1.91130491478527,3.05732680131176,30.505452498967
"880",7.96166950348051,4.9997420827433,-0.650255778500535,21.6318123633067
"881",13.0662045653035,-3.03704075327753,-1.97982525911171,10.4935502168245
"882",11.351512772583,4.5571292755687,2.43419939966407,24.8382704398719
"883",11.5118197931934,2.09925940817512,4.45450697707395,34.7656600772815
"884",7.70224376020634,-5.55462426535378,-2.43596276085295,13.6165110621451
"885",13.2306449173784,5.58815739322707,0.248503014460085,23.7135690930012
"886",14.5181176772138,8.46583349154859,1.0124632630713,37.0919661975907
"887",14.8759005214127,7.70216766278458,3.59665787675885,23.0924004016982
"888",10.7342907055368,1.38798214506096,-1.90689518832111,23.9014149147783
"889",10.8363999412613,-0.165903545207556,-2.06568646487421,15.1175625167357
"890",10.1746082181212,4.34081019147418,0.986528848989842,8.51951037262844
"891",10.2030890649961,3.80183838271836,2.36725409108916,19.3703092183763
"892",10.2180523581762,0.0708692455201629,1.59327981170156,14.794375012356
"893",NA,6.75487621691864,NA,30.8992976666702
"894",12.8146720209216,5.71414351994009,1.30792343319348,0.622157356421152
"895",10.9721628210367,3.36170362694199,0.23377706022712,19.0178840862276
"896",12.2932608381105,4.31608432605697,5.96519252064031,21.4910006138291
"897",11.4090018644911,2.50338073404053,0.139641473559772,17.8480968144298
"898",12.1145506962815,3.93758085345732,4.19896414155833,28.4569784247913
"899",9.48880709537601,7.10498282785664,1.90660024579601,19.8100407676424
"900",11.7615572330516,5.69430203331537,0.317809577465818,-3.24288310090171
"901",10.1315651151652,-1.86406358728592,-3.28553297962288,15.1017785241809
"902",10.6700416401812,-2.67370724841335,0.876033440847553,15.4582050807951
"903",12.5559611889463,1.46338863875901,0.453176965966283,36.0507737297018
"904",11.6266681964455,4.8782335994644,-1.4690019912189,41.1843763338674
"905",7.00434157143162,-5.38410594827184,-1.68685819323623,0.775923430286259
"906",8.76603069765251,2.67040890384109,0.769086888190948,48.7486718601339
"907",6.42945391591725,-3.24222047724728,-5.01939004740797,20.0110823550249
"908",8.48568332247625,-0.0197575194240573,-1.95071608018911,33.0903341767368
"909",13.9293102325089,9.0745138609689,4.12376244603481,28.3202865383097
"910",13.3976019579426,4.94579315057311,0.0483987553193949,41.5288825385968
"911",10.2573620303315,6.60646616905018,-2.13974934930123,26.2854669547873
"912",9.28466581759089,-2.97293051199269,2.66072051775731,24.5596602267169
"913",12.2251460140849,1.93560129204071,2.86998065903519,8.88395489335361
"914",17.6907551943809,14.7896108623261,3.40619985742759,54.1964585516816
"915",12.9434408868593,5.3614761145606,-0.0153343102635647,20.926203179805
"916",12.3364240364123,6.59936970738942,6.42538643940059,9.51928884365416
"917",NA,3.94477931478125,NA,NA
"918",11.5181501777982,1.50064941139632,-1.83845049892954,10.6755304599578
"919",8.88062130532709,0.684269772636597,-2.01846396319471,24.7233055859066
"920",12.0347975209499,4.05345542310857,4.30493036202644,39.6714086939326
"921",10.7412486484485,-3.56801911288146,-4.98432419110881,25.709643688124
"922",12.2222215366714,4.45134357734003,6.0119692522463,26.4019842628504
"923",12.8561730307028,2.44575357371115,4.45856023837245,30.2152448860705
"924",7.49078948579259,-0.454555977324163,0.784730493254825,14.900135062528
"925",14.0779867377978,6.39170072171512,-0.0209001686982067,37.9625142276528
"926",11.8842170316412,-0.966671269362624,-0.41551725364484,37.0297288030399
"927",12.9228668716511,7.45680018302884,3.93092110544889,23.9383958940682
"928",7.28967191827211,-2.06973838440886,-3.17002023441882,30.4860335436114
"929",9.66650930604059,7.358728229091,-2.26972990151038,22.3748698649742
"930",13.4379303473501,-0.451344814540967,3.74217119840384,29.6465953029174
"931",12.6770023762222,4.10376227502769,4.34322840190408,10.2524806618865
"932",10.9319015070657,-0.303435944345434,3.91824870974482,21.9057984587778
"933",12.2116592440827,-1.50305016122044,-4.54247282278394,28.5796747821972
"934",7.2719128549299,-2.3699614889964,-1.38079539791942,-0.191243500927204
"935",9.89905125085019,-0.761812767228194,-0.189307514366922,35.9829968421623
"936",13.2936823400942,6.15988305544662,2.13613696477579,3.83386958339857
"937",13.7552875967978,0.884505567681298,3.93415753370898,26.7741818989352
"938",6.81304405700321,3.28293180297373,1.40772595880498,26.4609589367689
"939",14.4654950403987,10.4144874696479,0.371452336256802,23.5384184204968
"940",12.107046669183,3.74530627350234,-1.3739602803367,33.893869161268
"941",11.1911072883521,1.05749845012937,0.723474962091521,13.9992254495872
"942",15.4840834067983,7.15571325071853,6.45562228704318,37.051890438926
"943",11.4593257123957,1.35417556210381,1.93855755081864,19.9744430921862
"944",NA,NA,1.00880921800605,34.6421707333391
"945",15.9472912791921,4.91235372725889,4.53537155509764,45.2191492751792
"946",10.2682992189421,4.26694564341078,-1.76249137964868,11.0473270886809
"947",NA,1.3142931048081,NA,22.0949163344075
"948",10.7129447626106,-4.43623658629746,NA,14.3070302291722
"949",10.7451052218735,2.0989195107934,0.0203420966913359,26.1683108215981
"950",12.1712398222461,3.03316204769789,-4.09997782154274,32.0672049972648
"951",12.6253185874453,3.48964976806626,-5.06466187484948,69.1641018058636
"952",12.9133211788812,7.30647155242164,0.9087073526602,34.5565945177513
"953",12.1381284393593,7.25928558484064,4.98385275445495,12.1445403921351
"954",12.6912644495702,6.68714371937362,-1.63948192905886,21.2785729200024
"955",12.9154149413369,5.44631671363809,-1.70960489579218,26.1370969962835
"956",12.3415372254753,4.0062498913716,0.0681428257834493,32.3634389300908
"957",12.2758218525768,3.94255321649623,3.04542788540333,23.186143037025
"958",NA,NA,NA,38.1692391477903
"959",11.5869698825867,6.89848040442811,-0.944895067455247,8.93297273246682
"960",13.1530181608194,1.32333096685589,-0.817586717877606,30.803353177668
"961",12.5942417284275,1.61433121560619,-0.795695016153817,33.7139583927569
"962",12.109783178867,1.19093795962629,-6.85780769492204,13.7692185879093
"963",12.5854031493378,-0.443043775733598,-1.32216981788862,36.1103676764454
"964",13.5444895122135,6.85207115932356,4.07606184054936,12.2115280587762
"965",8.61474443887682,5.90883756872285,2.81437771700211,16.6450105757176
"966",12.9642286065468,-1.07642119633815,1.55325578588136,30.162231869794
"967",10.0062179644212,1.38743207182252,0.279036821397361,10.9394521088035
"968",8.41349072998535,3.51004857000463,1.75614419042136,0.349490563359073
"969",8.91367923846833,6.7684766766708,-3.47021120995356,43.2495150189417
"970",13.1764798778948,12.5240908135471,5.12191940735169,33.7685105348969
"971",8.24815975830003,-6.06585813647893,-5.19318504529107,8.77160711996211
"972",13.3367368680459,7.52389014991124,3.29487656214359,28.5802223521336
"973",7.75479099464329,2.28616540343545,-0.923449804087804,36.5706661220867
"974",11.3727053849878,1.44862128313497,0.63542750471908,9.4794938627216
"975",14.0115812136246,3.71379138446479,2.32011483562314,26.1436060540265
"976",11.3554467636341,2.9076943843082,1.11646463163643,11.6165491553377
"977",12.6471045093948,1.65424932224437,1.05850995650079,28.2323246577122
"978",11.5937289321395,2.57683341960865,1.03141311664554,12.963603640198
"979",14.0575665028002,14.2997691571225,4.90334709292922,46.5277087482265
"980",10.0932671894579,NA,0.513254464362093,NA
"981",14.515736524051,6.14648238301503,3.40613002990462,29.7643937148805
"982",10.1702490050899,0.698004119231588,-0.991202648141007,16.9934881552161
"983",15.5562089642823,1.3465192028838,1.77118196937656,33.373244160048
"984",11.3147414779958,-1.24488794691952,0.0574257076257352,17.9838281913838
"985",12.9814638125106,3.66877601036383,-0.415701095202333,11.1042044967378
"986",13.4106945647849,6.37247634612559,0.912919543216941,35.1409754857361
"987",10.901111877136,2.49362610606973,6.00295229357968,14.1686865895365
"988",11.4091330866093,-3.53063992925761,-2.40939165331505,37.5286362256059
"989",16.1515700126744,5.74745595042708,1.14260008555028,45.6296539016745
"990",14.7120069411767,0.939182738845388,0.854051175860698,29.9628535410462
"991",11.3349876732062,-1.91065472941815,3.76489640791265,15.6136077575713
"992",9.69559579355546,1.66338951247688,4.25421860320283,-0.664006474153581
"993",12.6472743079224,-0.570442162948103,-4.91345796607591,16.9301960968147
"994",14.2096036033339,6.6950987258266,0.176815728317247,32.0933397018211
"995",15.5749079604245,NA,6.86325531392068,28.2519427861784
"996",13.8467416040433,2.52110356840435,5.04874520334222,4.39128218353854
"997",12.1114453368548,6.45411600307536,2.4230048665348,33.3902426039879
"998",11.6992665143843,7.64711400727097,3.19146140194918,7.1201677173427
"999",14.7627912579496,5.87765766339339,3.54717566584166,27.2519203380651
"1000",11.8840543118027,3.41004585722239,-0.673629858921218,23.9581111681029
