"It.";"bias";"CIW";"cov";"R_mean_X";"R_mean_Z1";"R_mean_Z2";"R_mean_Y";"R_var_X";"R_var_Z1";"R_var_Z2";"R_var_Y";"AC_mean_X";"AC_mean_Z1";"AC_mean_Z2";"AC_mean_Y";"AC_var_X";"AC_var_Z1";"AC_var_Z2";"AC_var_Y"
1;-0,10811862332826;1,83945474054555;0,91;;;;;;;;;;;;;;;;
2;-0,0305182711904753;1,9812352384371;0,92;1,24791155267348;1,36139621989463;1,2599413436185;1,33032035198719;1,27949019743899;1,27533662493188;1,28355669914366;1,26121521931329;-0,5;-0,5;-0,5;-0,5;-0,5;-0,5;-0,5;-0,5
3;-0,00561752528221595;1,91143480022832;0,94;1,08952509266572;1,1546241314567;1,12034357284855;1,14572680922351;1,10398796105999;1,12806204570087;1,11916190176054;1,10890190905705;-0,600708643098146;-0,571088521305226;-0,589773939272873;-0,576665643136892;-0,605381266214331;-0,592900436870246;-0,592297251253925;-0,577401111844411
4;-0,0178094922986113;1,98379468554655;0,97;1,23022551948879;1,31446078454475;1,27022858370253;1,35405978126647;1,29793750737504;1,2650816162276;1,26198763084976;1,23564945979265;-0,534592679672442;-0,485026600460902;-0,570276789812508;-0,550482703655763;-0,583430649300984;-0,54385130145739;-0,563657751090003;-0,573983277118453
5;-0,0190062048723443;1,90293955950823;0,96;1,30197253211785;1,32516324148565;1,28763654789957;1,33886943111317;1,2846931290966;1,28495076186514;1,28413195165614;1,26136408412293;-0,440808230236344;-0,40265736923983;-0,500689227588983;-0,442051641029383;-0,464656641462944;-0,502088694881018;-0,47672616895336;-0,497188894009397
6;0,0157555036088223;1,85695664788667;0,93;1,14999535779678;1,18237514763332;1,16347953826861;1,17430954614928;1,14686455668508;1,16264315974895;1,15128730519083;1,14735584989268;-0,357002867447264;-0,256395888056178;-0,418338400489722;-0,351118724466252;-0,36151403746347;-0,357988332604956;-0,446970766997826;-0,41381752183712
7;-0,0133226511645509;1,91905729892116;0,96;1,15924598266574;1,19173298493126;1,17550109605671;1,1907661357416;1,15187413296169;1,17751964167119;1,16005538205413;1,15486123250916;-0,349528620787505;-0,168143790227215;-0,341239205308975;-0,199771155824714;-0,340854508343348;-0,31918849852582;-0,344524921392242;-0,364841656808171
8;-0,00263429642420507;1,91085140603982;0,94;1,1060115514611;1,12718209027551;1,12029182311135;1,14014634569035;1,1014661032247;1,11250941348945;1,1070971911155;1,10662061724495;-0,294624547486322;-0,13807377070403;-0,244699007989723;-0,113289229393751;-0,274889117521991;-0,249495863805323;-0,324510236138821;-0,300485887041063
9;-0,0138847150078789;1,99679457537913;0,94;1,11076484050046;1,12617615824218;1,12079810731513;1,14667179501112;1,11539420636114;1,11442726370094;1,11099812894555;1,11429486131841;-0,235876894757209;-0,0561546898709385;-0,21224698055393;-0,100679672877844;-0,24922871280954;-0,150511892785149;-0,28143223194401;-0,238146158248241
10;-0,00428653553304142;1,87509954794321;0,94;1,07952336968421;1,09230746683239;1,0880712124308;1,10434488296236;1,08908968038298;1,0879163456708;1,07864580442478;1,08886044736246;-0,205048162232192;-0,01415372404441;-0,155960756427396;-0,0663451165559481;-0,242481769795592;-0,0916981643872107;-0,251127328100782;-0,165387177582247
11;0,00764028046628996;2,05598088333565;0,95;1,0855121846695;1,0980670484276;1,09354459565508;1,10644637823105;1,09315017652666;1,09680175448764;1,08557517401947;1,09668548536235;-0,16763746475399;-0,00856341070156954;-0,144555986893663;-0,0074655910276931;-0,222767350987367;-0,0594281678837341;-0,18026803681265;-0,155793570944402
12;-0,0141562042918927;1,91557748256888;0,94;1,06310348046057;1,08049165258965;1,07322420860079;1,08396676234253;1,06811637426717;1,07697596705217;1,06941585449401;1,07318771418354;-0,141708458872331;0,0433087094184252;-0,0687922097466028;0,00129904256442949;-0,217533142917221;-0,092539106121266;-0,218016709108621;-0,0965992193344122
13;-0,0191837062695713;1,96461130539225;0,89;1,0675087940998;1,09024032112797;1,07401966001062;1,0842273678286;1,06876847720126;1,08102960490493;1,07774757071025;1,07270170422535;-0,113449467135086;0,0340131616589958;-0,0340128754663333;-0,010944347230767;-0,205427018668545;-0,0716003307678188;-0,183009491630304;-0,100523474560462
14;-0,00854668620781917;1,89599243393709;0,92;1,05641830901271;1,0750591569518;1,0599715205313;1,071189561238;1,0532725282228;1,06620524283333;1,06196091325847;1,05851382217294;-0,0902208118752166;0,0379380513767835;-0,0124717321884382;0,0506630530079659;-0,166630309238738;-0,073993664488445;-0,199058221850664;-0,0613486899620025
15;-0,00350612646361944;1,9151160542468;0,92;1,06096918846201;1,07963244025368;1,06315331677443;1,07247441872386;1,05612253699017;1,07127305129097;1,06280612743364;1,06051167422237;-0,08960625396316;0,0405771485501997;0,0202565718004536;0,0514362060264074;-0,128831798113375;-0,0422134283804658;-0,146221267537308;-0,0523487660519084
16;-0,0455725451011941;1,894276047016;0,91;1,05121979926345;1,0641332577367;1,05251873084854;1,05998667273988;1,04669027934011;1,0591446887073;1,05266952970799;1,04975954918854;-0,101173354404048;0,0900561403714398;0,013708716599728;0,0679336928285968;-0,0988614211114647;-0,00380642494341928;-0,172043158835669;-0,0612019257761349
17;-0,0143489427364157;1,94274531922188;0,96;1,05393727121862;1,06476972791186;1,05165629581588;1,0617795237615;1,04765416643204;1,0575929308373;1,05306776114864;1,0484797128253;-0,0770198295406334;0,100273596151583;-0,0148559396089148;0,0604819478661083;-0,102728671270923;-0,00682743454319271;-0,163696486644152;-0,0740466907815003
18;-0,00491375675291196;1,79869290350461;0,91;1,04692066489137;1,05559091785441;1,04349132782985;1,05471146645601;1,03981978381307;1,04847488801234;1,04317938800474;1,04095351825395;-0,0912546917446011;0,126013750698624;0,0261778663671352;0,0707210695545414;-0,107034804002844;0,0102763435827235;-0,156255914630302;-0,0671033601933623
19;-0,0206514029499954;1,98261271240632;0,96;1,04761293789116;1,05761785802102;1,04608749884825;1,05773402561042;1,04148113773808;1,05050434733771;1,04622853871868;1,04233777564296;-0,0717294256241725;0,173228354753332;0,00867143180032188;0,0845911863631326;-0,105642248027535;0,0283609023064026;-0,183185308943757;-0,0558424303826283
20;-0,0483581938667158;1,95879721158686;0,96;1,0395241270559;1,05010225293258;1,04212050210608;1,05233999575635;1,03489913756296;1,04319706709574;1,03975993561494;1,03968551083252;-0,0658445002822784;0,165930201613097;0,0240511907068851;0,118977883052813;-0,110926863572137;0,0206528675550628;-0,16880870686617;-0,0505039365077927
21;-0,00330089790502453;1,9612657171279;0,94;1,04023582377709;1,05202136782137;1,04287516698674;1,05290602104999;1,03546166735585;1,04220594010781;1,04208759883762;1,04186479433397;-0,0547824532832022;0,18727856886753;0,0299908227247915;0,0868289570335546;-0,125895575057779;0,0467579438110952;-0,169039557424993;-0,0417205035529747
22;-0,00961183855891356;1,85106473213738;0,92;1,03533972703999;1,04636965966531;1,03795341518746;1,0476464533279;1,03208569228221;1,03694048781524;1,03645760231057;1,03689433586966;-0,0456957928291672;0,213308349951502;0,0243608053976705;0,114610181522336;-0,103283521746531;0,0515930177352139;-0,151430659563832;-0,0911113895822202
23;-0,0548724526448836;1,99344166668335;0,95;1,03592006701453;1,04780785364738;1,03877997048688;1,04988345180836;1,03547191358849;1,03667832833285;1,03801570917685;1,03754686427505;-0,0488272791166982;0,196290938202636;0,0246195523441557;0,113009567492683;-0,0958945660021209;0,0766195613507522;-0,119687776882182;-0,0554509253952186
24;-2,17860030289318e-05;1,91787261573859;0,93;1,03229131545654;1,04171631231028;1,03666806422294;1,04388111224329;1,03224900830458;1,03376822224455;1,03385209840153;1,03322360512684;-0,0546564954555677;0,192092776818782;0,0386071904218333;0,102876789861061;-0,0728365132672714;0,0706510745035022;-0,122616505068208;-0,0278881150377707
25;-0,0398127937507156;2,01472830078981;0,94;1,03338265900353;1,04291153184201;1,03751106747709;1,04495655841937;1,0333980116395;1,03476156364063;1,03425250297785;1,03320272611162;-0,0639028639800214;0,205826263681821;0,0477510769221988;0,129613930494723;-0,0684560927180624;0,082257728966155;-0,128748379261309;-0,0147095551244217
26;-0,0190031464306869;1,92958815434652;0,94;1,03001533870236;1,04060161648036;1,03326048948944;1,03905028585993;1,03076387519978;1,03047230287637;1,03190702568536;1,02914513380886;-0,0547256468009735;0,216776095850128;0,0523634853682624;0,125741125337988;-0,0579387070708583;0,0942013649148248;-0,12177675369195;-0,0336578585090952
27;-0,0082992306881326;1,99902731175853;0,94;1,03069090986152;1,04212900817112;1,03540834282439;1,0398618477725;1,03045452767345;1,03267358309207;1,03119224189414;1,02909497200226;-0,0708576593822918;0,233319363123847;0,0465965577849587;0,139608497008379;-0,066487401069389;0,092262642808869;-0,107028621641535;-0,00987569550618228
28;-0,0127640038862193;1,74152616173467;0,89;1,02846593602517;1,03825956399538;1,03402208259602;1,03536128614777;1,02743772924106;1,02947268535704;1,02757204129904;1,02626453833257;-0,0568304509232035;0,213039739631322;0,0499306729756549;0,165126986272222;-0,0530644182811554;0,105405677878547;-0,11002283923654;-0,01538996889627
29;0,0236728815530173;1,91663734298036;0,96;1,02841366433642;1,04022709666688;1,0331853081588;1,03607462329862;1,02774108178614;1,03035282847164;1,02774404204503;1,02810534577901;-0,076305913546629;0,228157308549777;0,0672789103088152;0,166802898235716;-0,0663129620337106;0,0693972120054716;-0,091988718477181;-0,0294573244308351
30;0,00462372643535373;1,87998420268105;0,96;1,02675166006236;1,03639111467119;1,02993872286958;1,03273461411875;1,02551833542655;1,0292342896755;1,02587117238651;1,02509808086063;-0,0645559161690027;0,218054360805701;0,0637441005785092;0,169642439032964;-0,0478788874574129;0,0825968652756198;-0,0846875305179823;-0,0178057449266549
31;-0,00661536803208013;1,95706015639013;0,94;1,02681262221263;1,03610250251386;1,02978872178248;1,03332186056693;1,02533477687752;1,02967806024034;1,02603073716121;1,02708713777858;-0,0345911859558592;0,205455009288772;0,0563249861650616;0,164569352426573;-0,0468542606858826;0,0698561200557743;-0,0818449314539636;-0,0165481358148534
32;0,00404911377128459;1,82882512261525;0,9;1,02581476251012;1,03254897800258;1,02898356471369;1,02966373825599;1,02297799390256;1,02773882322612;1,02382218182058;1,02501725182701;-0,0354233119552459;0,202113497386119;0,0463586068828475;0,15987231845958;-0,0623743908308954;0,0760797089688603;-0,0794053493054169;-0,024652752393046
33;-0,0400430745569417;1,81012679045348;0,89;1,02590835888815;1,03279633203021;1,02913643518235;1,02964182411371;1,02409124556733;1,0277374711767;1,02388411264091;1,02546605391966;-0,0527075176109108;0,211373248874838;0,0515040324776338;0,139589402759756;-0,0455672967078031;0,0745338546144385;-0,0686650757620763;-0,019071490111098
34;-0,0501883435863754;1,98560947412335;0,95;1,02423139586905;1,03069591904354;1,02539803079628;1,02754407380042;1,02254933254734;1,02590838428971;1,02103928809048;1,02304200980979;-0,0466850516866645;0,221901424420759;0,0658506756382112;0,145713179524257;-0,0501143394621376;0,0807084218047631;-0,0758609508075135;-0,0223067706957064
35;-0,0199716347016919;1,82745014459044;0,94;1,02441657245767;1,03195524778598;1,0258571605206;1,02818583669967;1,02214495594494;1,02504920363789;1,02151630995894;1,02316047247278;-0,0204186910586518;0,213330545867993;0,0709643995763646;0,16060310193613;-0,0437019399418954;0,0878445161596924;-0,0742430302197855;-0,0245255505906707
36;-0,0181038805454741;1,9262420476262;0,93;1,02264302978061;1,02897952873206;1,02363260251856;1,02636344424226;1,02077654392089;1,02307229228243;1,01944565970693;1,02133747160969;-0,0308222241955595;0,224828398256763;0,0992964418903638;0,167513346444587;-0,0313613771227916;0,102508143119101;-0,0728282323823059;-0,0178551542642528
37;0,0120920607721434;1,79188514235529;0,94;1,02213795917016;1,02858505539494;1,02369194702471;1,02684230262481;1,02074505052371;1,0234979347954;1,02023119936017;1,02122654809114;-0,0282333731948312;0,228072717032308;0,0970009781718514;0,155284157891461;-0,0212973319117307;0,109680317333926;-0,0857734782732987;-0,00601766273035625
38;-0,00194593486833609;1,95534890122329;0,94;1,02041597547995;1,02656239142393;1,02195786832083;1,02532766251221;1,01992991708425;1,02222268373342;1,01908140163148;1,01984786153567;-0,00836173099757533;0,2271686570013;0,0909896028082182;0,155756339926264;-0,0173482786763274;0,123322586432054;-0,085939214983228;-0,00773374803937322
39;-0,00854219545485531;1,86620252252538;0,89;1,02124239804298;1,02777924080832;1,02129384810385;1,0258479781806;1,02044578257318;1,02300985344602;1,01830896193517;1,02052486018563;-0,0131652152427993;0,228952921985943;0,0934121696168317;0,156909071865158;-0,0114388530471647;0,118344685535235;-0,0812646107626121;0,000252873994447438
40;0,0153632128149711;1,95642260800541;0,93;1,0194283555972;1,02666891974638;1,02039972656129;1,02389992054241;1,01863395458017;1,02130166336458;1,01787244186478;1,01986245318311;-0,0238537862753362;0,231833719197254;0,10460543340599;0,178694969911667;-0,0032859989464356;0,132559932142699;-0,0777416930579112;-0,0114144480283903
41;0,0189045667204768;2,00575676177447;0,95;1,01996588128692;1,02730857609395;1,02125545372309;1,0240324450197;1,01856988613292;1,02138363227304;1,01823980549386;1,02012196989706;-0,0301383278494624;0,232876050369816;0,0922492625949304;0,174947232027233;-0,00707100727508902;0,126060587422859;-0,0726309134783462;-0,00424686871952111
42;-0,0146164548031388;1,84649506580981;0,94;1,01864782417457;1,02604887944132;1,01998416868981;1,02175989438234;1,01730700782062;1,02039413377573;1,01771757487838;1,01891982102235;-0,0347818632660759;0,238985159581517;0,107609284178099;0,177396403754479;0,00489301820527199;0,130141725719198;-0,0763094154115538;0,00995743788159172
43;-0,00924386898352666;1,94582800076039;0,93;1,01814458559775;1,02633069587638;1,02020256642405;1,02233645517979;1,01721398488589;1,02091572789699;1,0183873588413;1,01902322638944;-0,0225589767211315;0,239158949285534;0,0989824127152894;0,186764807541066;-0,01080108165575;0,12865005850649;-0,087063469814857;0,0111705817911637
44;-0,00983197604868848;2,04574626136752;0,98;1,01707434152237;1,02509797069845;1,01886527976552;1,02210107484898;1,01615906626241;1,01911450013014;1,01804571129361;1,01804180123492;-0,0161856908846795;0,245144599081786;0,100415191228767;0,189189014619172;0,0136155238259199;0,13095991855871;-0,091378553301534;0,013209962458301
45;0,0119174681513879;1,7333619440421;0,91;1,01753174763079;1,0258682801472;1,01942228431058;1,02295177346086;1,01598912979633;1,01925461747611;1,01900407112062;1,01811805154732;-0,0266643011452971;0,236705797978881;0,0995934067870674;0,203121294127019;0,00493923494127549;0,133326508177894;-0,0839971738259309;0,016546190371785
46;0,00674887691198756;1,9985687182618;0,92;1,01638174906141;1,02425217723656;1,01805539494771;1,02136156052542;1,01484629350761;1,01738406335258;1,01824203233875;1,01707584773629;-0,0182283133322782;0,239338137449409;0,101900754808035;0,201462125275046;0,00796825746835389;0,131901300860204;-0,0947522019053908;0,0203513171859391
47;-0,00181459377747733;2,04509943865678;0,96;1,01678274372186;1,0250603039586;1,01846678434543;1,02206865414425;1,01534673360498;1,01755344154703;1,01890314211716;1,01740781953552;-0,0171581829788083;0,238325079576486;0,0999203572442943;0,204923344253999;0,00310171911261786;0,122627556536224;-0,0788442247176448;0,0172032957201229
48;-0,00676191771121606;1,79303919642378;0,89;1,0158315864964;1,0238432570932;1,01755607971545;1,02129229978958;1,01439099857145;1,0157975249659;1,01776385896578;1,01579399340666;-0,0243177133815451;0,226310926202107;0,107357211208444;0,220816580753061;-0,00594148470944226;0,121880574463899;-0,0803852482812751;0,0157441031483062
49;-0,0387880677663191;2,02643082170232;0,97;1,01674417141629;1,0235392527745;1,01820637298944;1,02153404781361;1,01446481728584;1,01609551351993;1,01791758744127;1,01599178996947;-0,0150367849996109;0,231430124845001;0,0950703743705323;0,222589715268006;-0,00289924628184378;0,116687248320656;-0,0813444823182373;0,0186677759015426
50;-0,0367628579751251;1,98373251745764;0,94;1,01581327342881;1,02222661654451;1,01672686450289;1,02061723718369;1,01370628784811;1,01550058735226;1,01688833451406;1,01502136291657;-0,01123974183879;0,236981270886019;0,0891139453348131;0,218546446265671;-0,00120673898504274;0,116139073253312;-0,0781861820508298;0,0100049251357771
51;-0,00596393799813341;1,86144759733304;0,92;1,0156694436829;1,0224990173397;1,01715548422477;1,02064396493943;1,01389144532797;1,01597391461719;1,01732981276394;1,01507753143687;-0,0184327153042876;0,233256622463708;0,0984601418190524;0,23025811638954;-0,0038828619025688;0,126132805436128;-0,0640794757288581;0,0445236059455831
52;0,00433480856349244;1,75847572484688;0,89;1,01491524244953;1,02210044809322;1,01634015527325;1,01963054477578;1,01334072319853;1,01529639748218;1,01699149101365;1,01423646232771;-0,0175245874139781;0,244179280812085;0,0948433429903949;0,227146799465482;0,00794612250551782;0,133890973659334;-0,0710171068439155;0,035479281008901
53;-0,0208023594329062;1,93697105222238;0,94;1,01530840570381;1,02213157471616;1,01633867236851;1,01969221522161;1,01432302839701;1,01577233459169;1,01709999146337;1,01417834101254;-0,0162888710406569;0,242299129259014;0,102220599084921;0,21950180773761;0,00789607348766099;0,143093087727193;-0,0689238554346265;0,0395768183076131
54;-0,0192696164009859;1,98586906717207;0,94;1,01480443023993;1,02119038386807;1,01527839099493;1,01888738113203;1,01399281625255;1,01513552912059;1,01638850469667;1,01381180210235;-0,0147301857617657;0,243749536770209;0,0962127104963823;0,217289980216241;0,00112674384759195;0,133692843985014;-0,0826267120576249;0,0430042380877512
55;0,0163914831361073;1,90424103293169;0,96;1,01464774892582;1,02140355102472;1,01562262198546;1,01899094989859;1,01381178645828;1,01540781963421;1,01600313436857;1,01443583347737;-0,0150815906710943;0,241979115164929;0,0961932115865729;0,21527251343723;0,00112221878267712;0,135335865204084;-0,0691360472827127;0,0398183935633002
56;0,00205080851032556;1,95982838872313;0,97;1,01419249784157;1,02063486259956;1,01506980450418;1,01803481746053;1,01305403177273;1,01431705407003;1,014933311585;1,01355264863511;-0,0216813083892296;0,246637720142637;0,103668122132141;0,217446816934527;0,0159623973385316;0,130240427287056;-0,072940756464953;0,0398100369083774
57;0,00051054297551274;1,90286064242004;0,94;1,01440324128367;1,02059313084045;1,01541439034405;1,01829805051584;1,01364304542638;1,01419131898918;1,01509611573738;1,01371581272571;-0,0104173263300355;0,241159220046752;0,100870053114865;0,208726932442352;0,00356358685650755;0,139503126971879;-0,0639252501212491;0,0398028584080347
58;-0,0454489236139066;1,95438921314635;0,97;1,01360779703319;1,02008435662841;1,01518382610742;1,01725697771868;1,01266147993803;1,01382330384488;1,01457721949044;1,01303900718322;-0,00877595252566066;0,239981437184016;0,102026791000192;0,215687377437851;0,0124224271124588;0,142215540923752;-0,0609505500426215;0,0463590033642802
59;-0,0359882269000763;1,95506972522441;0,93;1,01380946131607;1,02031148919179;1,01554689616744;1,01739928742083;1,01280524641187;1,0139766572075;1,01448001923315;1,0134959350664;-0,00599496458127478;0,24331719048606;0,0989874254236682;0,215739374879893;0,028623768110321;0,150807721961407;-0,0494037738306835;0,043158332504875
60;-0,0123189804107797;2,04541677052741;0,94;1,01282495796933;1,01939977558307;1,01501043288835;1,01702319669463;1,01202488788347;1,01309867391975;1,01347582712374;1,01323771606872;-0,000895915487739846;0,24681220461212;0,0956017475713736;0,217644701116047;0,0271111535071587;0,144264390214765;-0,0576117193522202;0,0364574061224216
61;-0,0120788854952807;1,98807948192786;0,93;1,01302387554186;1,01957725232774;1,01502282840925;1,016732304945;1,01270432898146;1,01362020569445;1,01356395254699;1,01323152171662;-0,0154515437047339;0,247203934403726;0,0979128202790393;0,223130478260711;0,0194916329367529;0,139510757483738;-0,0513563924263459;0,0195168627100133
62;-0,0208784290767315;2,05495836377025;0,97;1,01260489047016;1,01837159926147;1,01437845135286;1,01593985939525;1,012058017147;1,01286008644657;1,01341790710112;1,01289700790187;-0,0139963104996514;0,246354095028055;0,108588361682561;0,225481633804677;0,0173505083204277;0,138702807335642;-0,044414340222374;0,0253018684526944
63;-0,00750507030298301;1,9789524635615;0,94;1,01290063644152;1,01835680520618;1,01490540658738;1,01572014924366;1,01200264002303;1,01304679716248;1,01344326687483;1,0130531423875;-0,0021860823863787;0,247781153609982;0,0958666729682194;0,215048699805991;0,0123268998179612;0,140141903543988;-0,0450531153452538;0,0261882443406331
64;-0,0301559222019061;1,90800779535143;0,95;1,01241723506717;1,01781796101402;1,01446065417112;1,01514519593588;1,01131719922042;1,01247750628899;1,01267215408559;1,01226504050079;-0,0083112937366454;0,245468826942552;0,0921803934944881;0,223723982928166;0,0151595496841309;0,136078721070806;-0,0376867702417254;0,0199493225170755
65;0,010973581883081;1,94192273067872;0,93;1,01287191874179;1,01816615150984;1,01477034393154;1,01564034714747;1,01123566483973;1,01245081174122;1,0127372346259;1,01242070003808;0,00555666016650757;0,244860438650509;0,0962945931931759;0,209268200542176;0,0216155923503536;0,140959560976951;-0,0435562135435489;0,0124983570204104
66;-0,03970653985942;1,89313090707714;0,93;1,01233288271384;1,01714889338883;1,0141269446756;1,01526930998683;1,01045452810173;1,01157153203599;1,01238213266233;1,01177062740746;-0,00186508328601849;0,246708049690784;0,0986825160019185;0,218097183910247;0,0153239848019052;0,128155370491771;-0,0484854110763538;0,0152133745167481
67;-0,0115568330426238;1,9663025019639;0,96;1,01241471330795;1,01702935480345;1,01441573293343;1,01528832757005;1,01065958749428;1,01150433628576;1,01223324717287;1,0118210594297;0,000688630589114295;0,240106306698244;0,0997112515832662;0,213922350390531;0,0156349825010977;0,127037256037525;-0,0542359061784223;0,0114215209227027
68;-0,0174494192206154;1,98303612926095;0,95;1,01167097203438;1,01630344228562;1,01359736117713;1,01461760975425;1,01054373741506;1,01091170606455;1,01176667175364;1,01111436135315;0,0120953662219517;0,246938095311197;0,102020732424609;0,212463430148504;0,00955989458235712;0,125150719210701;-0,0442107646408229;0,0208086352479512
69;-0,00259413975659938;1,94034808511416;0,96;1,01209794772083;1,01643159781655;1,01357322244769;1,01492870427171;1,01035796472202;1,01114717245643;1,01166305651134;1,01149212022533;0,0119155032205051;0,244135573290042;0,0947382243597;0,201510299376765;0,0141470664200219;0,125001787745587;-0,0418395679603442;0,0338369204762718
70;-0,000396695232732329;1,94707303298044;0,94;1,01156006304079;1,01614317540025;1,01284137428488;1,01437271068374;1,00976836919106;1,01087759200381;1,01110554629586;1,01129248096541;0,00314293330950015;0,243237323322935;0,102958602248199;0,207602034951916;0,0117076118321354;0,131578497111852;-0,0368754791803254;0,0266396055554926
71;-0,0313609681713313;1,82554244511181;0,91;1,01195247728881;1,01602406522757;1,0127651202869;1,01428253864241;1,00982294452072;1,01066640479096;1,01108169277067;1,01137589610512;-0,00301777589044291;0,243831610881588;0,0979493232119314;0,213548422663211;0,0180980800403354;0,140580395068133;-0,0450399932754758;0,0402265960383776
72;-0,00559638485599983;1,96476223239955;0,94;1,01160739523011;1,01529468265048;1,01205068591788;1,01374677196401;1,00958488262588;1,01035793270524;1,01106336938582;1,01074586835995;0,000578047224937493;0,242971549548456;0,0984216944386433;0,208173622116555;0,019869280976152;0,134016227626303;-0,03972334668985;0,0408260231738633
73;0,0291458939793134;1,95380655715356;0,97;1,01172540031435;1,01601635036124;1,01233621468002;1,01398534255857;1,00947868899788;1,01052459043758;1,01101859589423;1,01072024030449;-0,0049934725842874;0,241947045008632;0,106531901632831;0,206803369397286;0,0107418081761638;0,134913979334565;-0,0425929794618102;0,0439968141546303
74;-0,0272475817202485;1,90212018160997;0,91;1,01144580618961;1,01553089656414;1,01201795259317;1,01348023344587;1,0092027003998;1,01029339213652;1,0103229232162;1,01049743272348;-0,00455552685246155;0,241720406883161;0,1085115462289;0,209572684698806;0,00192746809235206;0,143234420461644;-0,0353383790059296;0,0387913990944534
75;-0,00368099049198989;2,03339173515584;0,93;1,01142576021034;1,01551302506183;1,01219504812071;1,01317215438871;1,00936689078445;1,01046402114778;1,01023078968712;1,01012411766525;-0,00416925279646908;0,24071347306096;0,106307089598839;0,206721704892584;0,00613106921338191;0,149720062929084;-0,048521258376808;0,0400229035039637
76;-0,0302215677842741;2,0451351565598;0,98;1,01112460475494;1,01497867100037;1,01127010604047;1,01268929594996;1,00910753147934;1,0098986831067;1,00995981234097;1,00955466294275;3,47652345685336e-05;0,239539098010339;0,103598990658986;0,208587793234273;0,00427549642063353;0,149694696934974;-0,0444026226678902;0,0370039039990697
77;-0,000888144361017935;2,02571013148478;0,89;1,01117405152768;1,01505786080192;1,01166987911899;1,01295347048275;1,00923944299642;1,00987720607685;1,01019746376353;1,00981593050892;-0,000397648170245301;0,243412451746145;0,109319818720162;0,21231579528474;0,00656381142816262;0,146485207763031;-0,0361029613262503;0,0474325609233133
78;-0,0378513016021221;1,91738005496141;0,92;1,01076868637937;1,01465564636935;1,01135206392477;1,0123016257919;1,00887733697019;1,00951459336854;1,00996784380807;1,00950419604884;0,00733241198820705;0,243325402093631;0,106879279750842;0,211389034660533;0,00258101072160295;0,146009081778778;-0,0333827498075794;0,0487386590712556
79;-0,0115316676799083;1,90631786448302;0,92;1,01096591149641;1,01493673787672;1,01120202358968;1,01243786214401;1,00902437882338;1,00962069784462;1,0100877807844;1,00979527835203;0,00949756947627398;0,244971653913851;0,110831239091516;0,205186133271948;0,0128569913730024;0,14410772105855;-0,0347859544141934;0,05078437489672
80;-0,0193699730580944;1,97000885809909;0,92;1,01063784672946;1,01441371783603;1,01069024568213;1,01222335371766;1,00862702628372;1,00935872863382;1,00970458245606;1,00960520818585;0,00296923728974881;0,243226734700451;0,106335129282566;0,203510292503872;0,0090772672109933;0,143628979877646;-0,0297191997185989;0,0579967712565481
81;0,003239428299573;1,98699756803708;0,95;1,01060133776666;1,01432963321446;1,01070393644319;1,01243090809124;1,00879310684745;1,0098638918062;1,00978689348948;1,00979547257781;0,00968124557507935;0,241610858098725;0,10457686555447;0,19887665412737;0,00886838507150614;0,144711366442047;-0,0302376452345188;0,0608053959530329
82;-0,0186264052382583;1,89446057590207;0,96;1,00990632930788;1,01379807450977;1,01014521001853;1,01204017315255;1,0087246346731;1,00965232500031;1,00924215290577;1,00949116209506;0,0140539801102225;0,242655824653076;0,106705623774841;0,198280802389256;0,0117238823882551;0,140585127478825;-0,0244160108788605;0,0663495227874731
83;-0,0145967821442758;1,97172162263508;0,93;1,00997197021604;1,01389850874865;1,01042794806376;1,01196708206024;1,00865609943877;1,00990867995739;1,00910132148516;1,00956383031906;0,00957265610305952;0,24211550573813;0,105701906746358;0,212468256518058;0,0140309852962068;0,147076410577641;-0,024312550445255;0,0518774428198545
84;-0,0229894950412744;1,89857149347107;0,96;1,00967041902113;1,01347503008618;1,00997077670488;1,01166766905843;1,00806846393768;1,00962626280252;1,00871600767271;1,00930038325536;0,00612056930321945;0,241205181542814;0,113048603657557;0,204416859736376;0,0109184401204947;0,151192762144875;-0,0109553027328651;0,0591145681219875
85;-0,0103887582209674;2,02243016689881;0,95;1,00970644398255;1,01384205072775;1,00991900482496;1,01171536246358;1,00821233156995;1,00940715360343;1,00876464694889;1,00942724207585;0,00731734652516223;0,239795617711375;0,108402596182892;0,201703971459869;0,0147677873071353;0,151173483163288;-0,0150604285955081;0,0624749156970981
86;-0,000677982066360712;2,08120008851733;0,94;1,00923914416372;1,01351890085039;1,00975138182436;1,01145391234016;1,00811027243743;1,00893184302634;1,00859633064238;1,00932183148827;0,00750095629649127;0,241102268200637;0,111543499639223;0,207455417612163;0,0184104956450994;0,145054412261527;-0,0116899431010369;0,0569018238254423
87;-0,0257158379271925;1,93873708803177;0,98;1,00903685961549;1,01362665920966;1,00997809164627;1,01138580194744;1,00810526209223;1,00870971136031;1,00878053588184;1,00910071916629;0,0112519895479033;0,240949321393521;0,121259219407643;0,199543926368167;0,0126875520400128;0,145714324433995;-0,0259498955341723;0,0518630968964557
88;-0,00450768574746544;1,82832567075373;0,91;1,00878678214825;1,01315484199434;1,00954642086348;1,01107117516383;1,00792265592644;1,00829239620114;1,0084702604939;1,0087304959012;0,0118417200831461;0,240525626375647;0,124721848271444;0,199297132055756;0,0150362313117848;0,146405657499372;-0,0198852547635165;0,0471132430311713
89;0,00213932157549059;1,87816869401977;0,93;1,0089754072017;1,01300043549201;1,00958543636554;1,01121345957052;1,00791766944184;1,00838393280902;1,00842970385786;1,00864638386507;0,0171602942855283;0,241231174413633;0,125001863061759;0,206939511337265;0,0284774000898658;0,144180680139987;-0,0224846671320829;0,051905631711445
90;-0,00671763728107988;1,94511075012125;0,96;1,00880445934694;1,01281298051506;1,00940271415743;1,0110297758969;1,00785890934092;1,00815780297478;1,00839634426375;1,0081772179;0,0159450581241371;0,242353991373585;0,12371843771175;0,208298253533277;0,0281334504054771;0,146725677904254;-0,0281130619747317;0,0440340494461619
91;-0,00443759858600425;1,89462575265828;0,96;1,0086642525768;1,01287034912873;1,00931465276636;1,01125864040655;1,00804344285212;1,00813855829543;1,00833143043242;1,00840188273503;0,0149401507380138;0,241983656098269;0,115246621087448;0,209695182958543;0,0229697149564068;0,141919188829658;-0,0286108251537641;0,0445321030628861
92;0,0124599556260317;1,91049436801935;0,9;1,00847132814817;1,01259723912233;1,00906444840317;1,01113796397952;1,0076697002657;1,00768521479941;1,00822310010475;1,00817761641783;0,00925493725626924;0,242199616477595;0,116858231120363;0,207357783007605;0,0207093220623115;0,142187601044949;-0,0286305444027191;0,0491984414415583
93;-0,00801296679328815;1,97832397799647;0,93;1,00851092065454;1,01272308559852;1,00895716667932;1,01098739467988;1,00763814656647;1,00755847706664;1,00835186482723;1,00823013658174;0,0177534775950349;0,239977532066864;0,120701796209154;0,206246944016946;0,0186086339349785;0,140216138728473;-0,0287144945949586;0,0566879248791098
94;-0,00312648605442199;1,78300949433578;0,93;1,00822909214707;1,01223957126098;1,0086600042938;1,01074382582686;1,00737788917004;1,00729496435786;1,00820112769389;1,00815578026523;0,0117649406864127;0,239572133173922;0,117120578430511;0,206692773602069;0,0294411419613809;0,13984171160616;-0,0210243413939152;0,0577520833485569
95;-0,0217592506083076;2,01563702191084;0,98;1,00827867893985;1,01244976639623;1,00882298203086;1,01059248669618;1,00749226652267;1,00735975384223;1,00843471682145;1,00823726350923;0,0118134765880111;0,240025610744545;0,113475022979788;0,202752972816667;0,030019734412271;0,138407050477464;-0,0222821055036089;0,0584053781439428
96;-0,0277959914311078;1,92616147009264;0,93;1,00806640820717;1,01217450925394;1,00858786625474;1,01050988065342;1,0071538260303;1,00692675475641;1,00802357036998;1,0080233584654;0,00998523665592352;0,238983726110244;0,116952918932186;0,200223148559065;0,0324237690559795;0,139464396770501;-0,0205057043117486;0,0612774186541742
97;-0,038538384114971;1,93573459635556;0,94;1,00813580926803;1,01225946678018;1,00870915173271;1,01066546733854;1,00747385299692;1,00700041818416;1,00796183583451;1,00816146958042;0,0253281907803084;0,233018517629133;0,11509609510876;0,197009581401201;0,0259573938232687;0,140107770369813;-0,0148646944372861;0,0634999099898471
98;-0,013086002223045;1,92266899887302;0,94;1,00803118315594;1,01196989648261;1,00851803436818;1,01026626812615;1,00744657479355;1,00666283317252;1,0077733593475;1,00797348179804;0,0246591914377359;0,232725657602559;0,112763876053991;0,195733113894611;0,0216926142320836;0,137792349866241;-0,0150060262236644;0,0533850893349826
99;-0,00517077532659577;1,96127938355612;0,97;1,00822797422835;1,01206600712635;1,00856477678252;1,01028141838576;1,00751794003184;1,00669178927669;1,00766054724004;1,00785382284799;0,0180258234374316;0,234577902867576;0,116278810136669;0,19561495591266;0,0121202577562347;0,145994430258224;-0,0169342243864144;0,0566547498341203
100;0,00737764928535849;1,92619683033438;0,92;1,00808365755252;1,01180952919048;1,00823011796229;1,00995253356137;1,00719617365201;1,00656674536983;1,0075930243419;1,00760898647002;0,021066612245185;0,234990321531465;0,121807846548658;0,195307035946571;0,0241146016690927;0,147068981460401;-0,0119929803537009;0,0568232298826753
