"T";"bias.mean.X1";"bias.mean.X2";"bias.mean.X3";"bias.mean.Y";"R.mean.X1";"R.mean.X2";"R.mean.X3";"R.mean.Y";"AC.mean.X1";"AC.mean.X2";"AC.mean.X3";"AC.mean.Y";"between.mean.X1";"between.mean.X2";"between.mean.X3";"between.mean.Y";"within.mean.X1";"within.mean.X2";"within.mean.X3";"within.mean.Y";"bias.sd.X1";"bias.sd.X2";"bias.sd.X3";"bias.sd.Y";"R.var.X1";"R.var.X2";"R.var.X3";"R.var.Y";"AC.var.X1";"AC.var.X2";"AC.var.X3";"AC.var.Y";"pca.1";"pca.2";"pca.3";"pca.4";"pca.5";"bias.est..Intercept.";"bias.est.X1";"bias.est.X2";"bias.est.X3";"CIW.est.1";"CIW.est.2";"CIW.est.3";"CIW.est.4";"cov.est..Intercept.";"cov.est.X1";"cov.est.X2";"cov.est.X3";"R.sq";"bias.R.s";"RMSE.1";"RMSE.2";"RMSE.3";"RMSE.4";"RMSE.5";"MAE.1";"MAE.2";"MAE.3";"MAE.4";"MAE.5";"error.var";"bias.sigma";"bias.mean.X1.LL";"bias.mean.X2.LL";"bias.mean.X3.LL";"bias.mean.Y.LL";"R.mean.X1.LL";"R.mean.X2.LL";"R.mean.X3.LL";"R.mean.Y.LL";"AC.mean.X1.LL";"AC.mean.X2.LL";"AC.mean.X3.LL";"AC.mean.Y.LL";"between.mean.X1.LL";"between.mean.X2.LL";"between.mean.X3.LL";"between.mean.Y.LL";"within.mean.X1.LL";"within.mean.X2.LL";"within.mean.X3.LL";"within.mean.Y.LL";"bias.sd.X1.LL";"bias.sd.X2.LL";"bias.sd.X3.LL";"bias.sd.Y.LL";"R.var.X1.LL";"R.var.X2.LL";"R.var.X3.LL";"R.var.Y.LL";"AC.var.X1.LL";"AC.var.X2.LL";"AC.var.X3.LL";"AC.var.Y.LL";"pca.1.LL";"pca.2.LL";"pca.3.LL";"pca.4.LL";"pca.5.LL";"bias.est..Intercept..LL";"bias.est.X1.LL";"bias.est.X2.LL";"bias.est.X3.LL";"CIW.est.1.LL";"CIW.est.2.LL";"CIW.est.3.LL";"CIW.est.4.LL";"cov.est..Intercept..LL";"cov.est.X1.LL";"cov.est.X2.LL";"cov.est.X3.LL";"R.sq.LL";"bias.R.s.LL";"RMSE.1.LL";"RMSE.2.LL";"RMSE.3.LL";"RMSE.4.LL";"RMSE.5.LL";"MAE.1.LL";"MAE.2.LL";"MAE.3.LL";"MAE.4.LL";"MAE.5.LL";"error.var.LL";"bias.sigma.LL";"bias.mean.X1.UL";"bias.mean.X2.UL";"bias.mean.X3.UL";"bias.mean.Y.UL";"R.mean.X1.UL";"R.mean.X2.UL";"R.mean.X3.UL";"R.mean.Y.UL";"AC.mean.X1.UL";"AC.mean.X2.UL";"AC.mean.X3.UL";"AC.mean.Y.UL";"between.mean.X1.UL";"between.mean.X2.UL";"between.mean.X3.UL";"between.mean.Y.UL";"within.mean.X1.UL";"within.mean.X2.UL";"within.mean.X3.UL";"within.mean.Y.UL";"bias.sd.X1.UL";"bias.sd.X2.UL";"bias.sd.X3.UL";"bias.sd.Y.UL";"R.var.X1.UL";"R.var.X2.UL";"R.var.X3.UL";"R.var.Y.UL";"AC.var.X1.UL";"AC.var.X2.UL";"AC.var.X3.UL";"AC.var.Y.UL";"pca.1.UL";"pca.2.UL";"pca.3.UL";"pca.4.UL";"pca.5.UL";"bias.est..Intercept..UL";"bias.est.X1.UL";"bias.est.X2.UL";"bias.est.X3.UL";"CIW.est.1.UL";"CIW.est.2.UL";"CIW.est.3.UL";"CIW.est.4.UL";"cov.est..Intercept..UL";"cov.est.X1.UL";"cov.est.X2.UL";"cov.est.X3.UL";"R.sq.UL";"bias.R.s.UL";"RMSE.1.UL";"RMSE.2.UL";"RMSE.3.UL";"RMSE.4.UL";"RMSE.5.UL";"MAE.1.UL";"MAE.2.UL";"MAE.3.UL";"MAE.4.UL";"MAE.5.UL";"error.var.UL";"bias.sigma.UL"
1;-4,7550840324817e-05;0,00370312870824194;0,00225599156181424;0,0121312768361939;;;;;;;;;;;;;;;;;0,000768313850480751;0,00246441923661611;-0,000425767833878998;0,0167860823077556;;;;;;;;;0,591093309456874;0,588053296469543;0,588016024304818;0,592471468111113;0,590401465976403;-3,58661651934603;0,297209649939399;0,0438919641781165;-0,224751392607859;4,53542005697145;0,395969206187727;0,20023701131765;0,282019531636129;0,2;0,2;1;0,1;0,155505123588137;0,0506635619395908;10,2287141867247;10,1629544072654;10,2611430561881;10,1856136250562;10,2287929309762;8,1788542501603;8,1137069225483;8,20356000074306;8,1436393535869;8,17636805578534;104,333455245805;-5,96215937012575;-0,0277585221802896;-0,0314111083059804;-0,0237423369063054;-0,108720961380975;;;;;;;;;;;;;;;;;-0,0202829855926476;-0,0246461143799994;-0,0274465409479065;-0,0950911445984402;;;;;;;;;0,584586167610988;0,580182236497676;0,579833353597976;0,586960090986025;0,582391743061164;-4,02307545990388;0,222020905671595;-0,0146414788937405;-0,303596810071645;2,72286409260449;0,223447605640652;0,110860918502107;0,172098871630162;0;0;1;0;0,148741729352402;0,0427643949035257;10,1022982722557;10,0465052163625;10,1184301361649;10,0991674632373;10,1181213078144;8,10271214721515;8,02605573588946;8,08144674849757;8,06574954024456;8,10268099578016;103,081184982745;-8,75539041633696;0,0155402732469241;0,033797386492114;0,0260587010401827;0,14488027783244;;;;;;;;;;;;;;;;;0,0208834036846618;0,0316716346680868;0,0371620149435526;0,106669353452901;;;;;;;;;0,595796902248957;0,595384147879322;0,596737043207607;0,598180373274298;0,597244017629635;-2,81244825538411;0,338830485357483;0,097987739245937;-0,164664661733322;7,08371399855898;0,621692556735146;0,289472963016603;0,4717659883241;1;1;1;0,775;0,163404290624202;0,0574269561753258;10,3845015244341;10,3046096709628;10,4003207148414;10,3388198357093;10,3745921553239;8,26970272044832;8,21953262039038;8,31005059067663;8,279317133677;8,29848434591228;107,126686292016;-4,70988910706526
2;-0,00546698098579945;0,000603072182503261;0,00116109692925374;0,00739071856315192;1,18576153018391;1,38258314507198;1,10235265811632;1,26728001539397;-0,5;-0,5;-0,5;-0,5;0,000656312669158789;0,00359070128546096;0,00158129528684336;0,0297004987192943;0,00114462873871718;0,00415588596516103;0,00314319982652469;0,0416574479202716;-0,000722694214612174;-0,00365357765383805;0,00113816036199772;0,0123589560571382;1,15592650811512;1,30943213133388;1,48953075270261;1,07396347970169;-0,5;-0,5;-0,5;-0,5;0,592628881765348;0,591363179755923;0,59214806482406;0,592891602627639;0,591459487926908;-1,01473907155015;0,0875203422688336;0,00235941309648258;-0,0522735045810064;4,38009762111036;0,391272149577263;0,203848623877441;0,266492205322894;0,9;1;1;1;0,195683384728253;0,0104853007994747;9,99156373375811;9,92869198774407;9,95772558114789;9,96036306581504;10,0193259082466;7,98645570201122;7,93646545986303;7,96262291759825;7,96346529994704;8,00058072014604;99,4515208091033;-1,08022493342408;-0,0290604882388858;-0,0369372614363326;-0,031268004056936;-0,129823162053519;0,888380181759793;0,946782945407979;0,850606907573544;0,84562108113283;-0,5;-0,5;-0,5;-0,5;0,000121062469671863;0,0007583894701623;0,000511903928080641;0,00691683861432222;0,000512659348610499;0,00157057969583317;0,0011802668169574;0,0170766159671102;-0,0213996335747869;-0,0310010787500128;-0,0265017538963276;-0,0900615823467239;0,863193580950635;0,859614824623773;0,962774849688471;0,863862001594476;-0,5;-0,5;-0,5;-0,5;0,588260109366075;0,583593186878203;0,586941581007645;0,586579465784184;0,583398459814786;-1,89021257497823;-0,0434471222726051;-0,0562057186782343;-0,127797483083487;3,03118876657876;0,254677953707576;0,151678852852309;0,169909654724354;0,225;1;1;1;0,188593411382495;0,00202332420443118;9,91799608920202;9,80306867755262;9,74933908259931;9,88891019972963;9,84573635085408;7,92383097332056;7,85539859845982;7,78800753204592;7,88345858301229;7,86884401289801;98,0996636708296;-3,06582265779629;0,0117339276332498;0,0356607251121428;0,024332060439536;0,141794666013789;1,52792104342008;1,90283741148411;1,72848844300752;2,09149950394926;-0,5;-0,5;-0,5;-0,5;0,00167393910047955;0,00946370182634228;0,00353218283281812;0,0652613638764698;0,00262457047832915;0,00845321909473584;0,00583228270652264;0,0728675674123065;0,0188880235461872;0,0344392662195499;0,0268107096933307;0,102372824882937;1,74686943603686;1,95845352351769;2,59649029280527;1,42461982945323;-0,5;-0,5;-0,5;-0,5;0,597360440519009;0,597051494713589;0,597257765176234;0,597705768699728;0,602433524345068;0,435277921381697;0,174866738751927;0,0698911652590218;0,0182575961699528;6,21282281767292;0,563759871951054;0,277011698629749;0,36669155637312;1;1;1;1;0,204145361323297;0,0175752741452329;10,1274590896439;10,0329998359657;10,1997411691874;10,0219498079137;10,157419684103;8,08003578605315;8,01667791524173;8,16000643667923;8,03517416507215;8,09448896048104;101,437118533476;0,271632204849622
3;-0,00104644174604811;0,00480933660459728;0,000864218069406836;0,014791588598969;1,10450445952246;1,13347529307164;1,08556533693447;1,0855564021638;-0,602156409189253;-0,576772511935795;-0,576254129008768;-0,641165884235635;0,000432669187068429;0,00226884873498465;0,00120076369860471;0,0197898551576964;0,00127322259410308;0,0045371634148927;0,003027646084084;0,0450411547037342;-0,00321871712116375;-0,0145904203529562;0,00242136949032981;0,0233284245197634;1,06102914351221;1,07006171600782;1,09803711710249;1,05183547633237;-0,602548570634104;-0,622942069241746;-0,574384476286042;-0,622095877124524;0,589885624710243;0,591960413932169;0,591130267123518;0,591783880655666;0,591050974993036;-0,673990847110834;0,0611648564247832;-0,0121294417509495;-0,0183343808367849;3,64811169331219;0,329125967288501;0,193850101184672;0,271549684357497;0,9;0,9;0,8;1;0,203328702013283;0,00283998351444555;9,89287454085195;9,93147351271898;9,90804130834502;9,93590584420123;9,90301239985204;7,90933495462942;7,94224220483132;7,92668871129649;7,94262839310604;7,91362492966905;98,3086716747214;0,0626242009578192;-0,023397053532485;-0,0339591705511526;-0,0301670060522696;-0,112492426462948;0,985333769086857;0,948528401834283;0,887018044736385;0,889434433482312;-0,666150946114768;-0,664390627618883;-0,66610445573307;-0,666374531243881;0,000101405564884176;0,000696517879477265;0,000341106107300666;0,00184068909198883;0,000479679935742374;0,00184682602895546;0,00172274158726151;0,0212109876700619;-0,0240797712818462;-0,0392188070210072;-0,0282742565621153;-0,0860208077841071;0,935053957490259;0,981333114200268;0,907003942953296;0,904319386116107;-0,666428717554483;-0,664237465882316;-0,666617001643761;-0,664827302477763;0,585133460340933;0,587627611131167;0,58434889398053;0,588763377652292;0,586700407491038;-1,81974408100752;-0,0433223493619354;-0,0731277693161859;-0,082685864961125;1,77315773473596;0,189703085621445;0,053686408175579;0,153447044703154;0,225;0,225;0;1;0,196398543498531;-0,00627286394292666;9,7947247805901;9,83016678051065;9,81821233619925;9,76754348812808;9,78937687687116;7,83685029409457;7,87342118389008;7,84272917995273;7,81566469738932;7,81596129238281;96,3229058029452;-1,84818133493991;0,0167751744860656;0,0475113184863484;0,0264487537177859;0,154455725108698;1,31354143734605;1,36396867611244;1,5917419154029;1,5190849024929;-0,467289069984072;-0,380478211065878;-0,305884683480306;-0,53184096905021;0,000883429454667333;0,00447082366258487;0,00274211585758589;0,0595782483730973;0,002168129720604;0,0089877635388453;0,00564289109002148;0,0811364614048003;0,0152528090693499;0,0242887538729517;0,0373195883331064;0,0950167343877975;1,28462155284508;1,30879692181008;1,30441814013051;1,27363788762557;-0,355177149152348;-0,525231675618807;-0,246628469849154;-0,539430668773914;0,596071605522471;0,598581908655079;0,596474658049943;0,597565609148543;0,596377148938879;0,469457470533213;0,175045302604364;0,0507335588733621;0,0464378071565907;5,06410605872024;0,492143310381666;0,353441445897658;0,444197575150931;1;1;1;1;0,212441549470655;0,00977014202919708;9,98169080229137;10,0108525134626;10,0245157945556;10,1084737629939;10,0209984097681;7,96631110044336;7,99549255654971;8,02018677705348;8,063620151471;8,00622920551621;100,219477210619;2,04839007273407
4;0,000804770193134985;-0,00115131230702055;-0,000822386042174422;0,0482138593520844;1,29262244404775;1,29848401520636;1,21949095771945;1,24762923024022;-0,657520587962638;-0,515815891534031;-0,540933845487495;-0,5568598532716;0,000381932991893594;0,00111509817262704;0,00100547901577739;0,0165260431619476;0,00123993792059861;0,00529647403373382;0,00312216593813016;0,0459871834690045;-0,00385657165644262;-0,0115961380939177;0,00332674085764091;0,00462003587764634;1,2871904397357;1,33154836830631;1,22152459261743;1,21668272303529;-0,45459580204894;-0,566965263607222;-0,632497807448445;-0,647307767693977;0,591601781503016;0,592453199032137;0,590590441615407;0,592039601951945;0,591045316595136;-0,440394467083262;0,0440548491166929;-0,0135043593858154;-0,00408696995358143;3,93951028424336;0,328297159221322;0,195273625193292;0,241712576645107;1;1;1;1;0,205497989423274;0,000670696104453658;9,91410117223954;9,91676197904357;9,91662957497335;9,95700840497408;9,88206510041685;7,92632671076516;7,92292949735677;7,92451358674244;7,95879520786429;7,90366088144586;98,3724665983485;-0,00117072266922946;-0,0223466556278762;-0,0399289512882205;-0,0366422498893402;-0,0699123701065268;1,00908612550325;1,17248836379384;1,03909053979057;0,973986769345039;-0,796552845448833;-0,796592728021125;-0,800263594419152;-0,78945465168296;0,00010929925033785;0,000234007466027086;0,000372898204222068;0,00443712558195435;0,000537749399977872;0,00238332672865065;0,00203422634266719;0,0204383336545664;-0,0218684790408019;-0,0427298589709392;-0,0383799518446754;-0,0903271936821851;1,12766303444675;1,10723402879252;1,02948522072286;1,08221333400741;-0,797665845837546;-0,766246647728037;-0,79547635427325;-0,750623349756761;0,58675938418793;0,58881938004749;0,5839315090705;0,589473720547803;0,585483330245647;-1,17453599031303;-0,0741844812472889;-0,0546419710061628;-0,0497748589370082;2,64886358457614;0,191677149265453;0,129180199725476;0,138507666210047;1;1;1;1;0,198384971961336;-0,0075937081003216;9,82205608226745;9,78622059567929;9,83929002044878;9,7449172774329;9,7365810350257;7,84727489389987;7,80953850900824;7,85472371355551;7,77709090188147;7,78153372002488;96,7465566790559;-1,79489570002957;0,02017415079223;0,0236645971237175;0,029197266941506;0,15078515990295;1,7207815429822;1,48889281955855;1,52635049953491;1,53030737790493;-0,476483039373716;0,13508174329302;-0,315732956766338;0,114927944834084;0,000681308537994452;0,00280630644822759;0,00201674394960722;0,0426819379852117;0,00209319388874224;0,0104775305026425;0,00449634970933972;0,0742925531666564;0,0121573318858135;0,0206668476669334;0,0368373953092008;0,0892487387153241;1,63989679457532;1,6977349889568;1,48925871389208;1,41000283798152;0,156895000480201;-0,448103788212153;-0,373493585651949;-0,530292480568542;0,597302738981111;0,596339586821554;0,597998416051674;0,596590583094225;0,595500000339979;0,874202762511818;0,118255028961046;0,0594269913002766;0,055023114076394;5,65135588076487;0,481160308130323;0,336696386930648;0,395431497107341;1;1;1;1;0,21376239362805;0,00778371356639192;10,0815147536745;10,091063683214;10,0066055848566;10,1334121274154;10,0415477724694;8,07666216475059;8,06392299604562;7,99667142909052;8,08800141902676;8,03146758785799;100,166191575709;1,62473919662333
5;-0,0016602792378924;0,00578790054037897;0,00233447789850749;0,00949168370839004;1,26702848309732;1,30338240465177;1,25916845890632;1,27973472435592;-0,455091578870735;-0,528806253017717;-0,560255999657603;-0,464213966446007;0,000308669772033533;0,000856461694401504;0,000677005473207629;0,0149442233740875;0,00133348549663213;0,00494049552849912;0,00304694789292042;0,0456442699669419;-0,0027646975727607;-0,0179196166003505;0,000146810104626205;0,00576015707391324;1,23537701984371;1,39874666870002;1,35257397656254;1,25517839934479;-0,399449795401344;-0,466408634577148;-0,504974605181516;-0,57988080710595;0,591586655271761;0,591749462977596;0,591656198118165;0,591362051613647;0,590674236974322;-0,150487277659797;0,0162048586951729;-0,0104064598633729;-0,00117399955583821;4,47508547644318;0,419236790746156;0,246240846661798;0,24088532590032;1;1;1;1;0,208428246273728;-0,00225956074600036;9,90952044937216;9,89250516336024;9,9093030325449;9,90966909868904;9,86975628364333;7,91500534050322;7,91244269177696;7,92411606454955;7,9188795619112;7,88932521472306;97,9896431251614;0,381652750517878;-0,0262682610166724;-0,0402870412149441;-0,026880637910747;-0,121098282317699;1,06567793403588;1,20062554152403;1,08549372866782;1,09499043121051;-0,815976186694378;-0,787636225582869;-0,818017596036058;-0,795766619158792;0,000103034954361208;8,04830985115319e-05;0,000197723172442689;0,00264883174652615;0,000856348504340275;0,00250704975154075;0,00168295291409824;0,0281903168103396;-0,0193406868617336;-0,0508084979123975;-0,0214171196455969;-0,0562099234405101;1,03284560280705;1,17682479173458;1,08854181381288;1,08927671231425;-0,720204934071282;-0,702780261987441;-0,719320173652349;-0,797424746365399;0,587859508280294;0,585019274337524;0,587830639495412;0,585867132752085;0,587416998706747;-1,13467839499841;-0,0981689678652953;-0,0562176670207818;-0,0557859530214659;1,813546728015;0,211698031450754;0,123630407512785;0,0926249503669712;1;1;1;1;0,201405044214234;-0,0116665557257229;9,79044407258489;9,78350074838606;9,78161999593413;9,79357937006279;9,76213539345301;7,83316936289695;7,82619485955702;7,81903672438972;7,82256213027406;7,80053473881841;95,9771113891906;-1,10570898735035;0,0226438162772114;0,0363873786930505;0,0349710196964222;0,115755125900335;1,45394327372048;1,55361138711753;1,66091128334404;1,61954225965908;0,377584714812007;0,19196809188871;-0,401799167128521;0,160246736488417;0,000619932635854625;0,00219045536843772;0,00126552857540027;0,0304571460843914;0,00192670525593772;0,00828007849501917;0,0041789839582642;0,0677232731887214;0,012512010553118;0,0142828543212395;0,0202282985281385;0,0701825779350168;1,38255858779261;1,7629574517952;1,88935197601294;1,66398435284409;0,150007051480915;-0,208129261651706;-0,387682959109177;-0,35114358928572;0,596424615000344;0,601475289084975;0,598308984061243;0,595775718043845;0,595491694403078;1,18387063379124;0,108914397037024;0,0495443945061192;0,0663067430169416;7,37444500603768;0,670047002433862;0,355368551576446;0,396885145509498;1;1;1;1;0,217835241253451;0,00476364131349425;9,98182415842827;9,99081573134359;10,0315005893259;10,032586142562;10,0502995183536;7,97810603690499;7,98972181127404;8,01295091392462;8,00707377703484;8,0369446732805;99,4770048630296;2,39418448648861
6;-0,00153052036844077;-0,0020461006653429;-0,00103452525385609;0,0184306665820582;1,18382255482575;1,18286910540294;1,16723593176234;1,1772238685568;-0,45079043815297;-0,447953063019628;-0,248663864953115;-0,435912306288388;0,000273884415787015;0,000789537921818011;0,000514763290768447;0,0121498066054023;0,0013157892997357;0,00522814357964859;0,00316739723207297;0,0438898930118284;-0,00501183879501386;-0,0109840656470227;0,000838952948127192;0,00944009134415111;1,15021067243383;1,14690992956987;1,17720924166174;1,12743903012619;-0,373537509978583;-0,265752312462681;-0,506309822941481;-0,390101170650734;0,593449448006159;0,590455790890296;0,591727740350013;0,59233269678429;0,592392972733133;-0,254797143943513;0,0257007062085387;-0,0104892131138788;-0,00119788679797194;4,12391474831698;0,378743644631465;0,193640148046364;0,289117887849212;1;1;0,9;1;0,207889126561505;-0,00172044103377693;9,90390903335708;9,90795650829937;9,89292430149624;9,9104162129882;9,87482319676049;7,91521024592542;7,92039104850846;7,90768449909289;7,91893899968732;7,89761792926912;97,9859430640088;0,385352811670417;-0,0260964991856877;-0,0454786335612805;-0,0271351514702607;-0,0972566812290305;1,07271493338468;1,02877956037905;1,01377887401911;1,00819707372571;-0,853685274982518;-0,867458711950124;-0,702703519684462;-0,823184782838234;9,60057448297122e-05;0,000138184252228474;0,000172553564735857;0,00286666449945604;0,000831653827397975;0,0031327005680814;0,00228197311613018;0,0290713741264443;-0,0219861791278958;-0,0403840217312947;-0,0372639767483721;-0,0823678820024951;0,99607249007739;1,07156985382075;1,09626070270215;1,03901007993256;-0,791095280327231;-0,537370957422051;-0,679946343621119;-0,751166580466648;0,587237227153501;0,586311829188499;0,587233112456616;0,58430635994821;0,587327400562454;-1,35920898650876;-0,0958955424061251;-0,0724646631299532;-0,0780572780009295;2,62925227774978;0,223194397550869;0,0589397920937727;0,193314943537198;1;1;0,225;1;0,197877925051393;-0,0101320636045335;9,750821853493;9,81736262214128;9,80205667974678;9,75184051126679;9,74731144362073;7,82766848062947;7,85177901944683;7,85395536230422;7,80445836428634;7,78958881564299;96,7241251743385;-1,13952235360129;0,0161192344712612;0,0320296943662354;0,020074685304842;0,140845154117117;1,31817918521917;1,30743444043875;1,43399487377107;1,33723208100647;0,373673412501012;0,49546219881396;0,534308908958099;0,201537480143041;0,000612183404747283;0,00214709933704792;0,000949347819528952;0,0241844155498269;0,00176608577769504;0,00822812846062911;0,0042078361478552;0,0574693196607973;0,00773792285319805;0,00867888226717415;0,0391466779131108;0,10630863021501;1,42752515919918;1,21346919571177;1,24397071582475;1,27080603272472;0,241927964942525;0,315801411296859;-0,326463593793631;0,365382118075906;0,599668395539579;0,593993280113321;0,595565438072784;0,598239336295526;0,598809005464646;1,07421045250841;0,132155963261484;0,072978558312965;0,0536712740915802;6,25107529128544;0,582194240238527;0,355570812218931;0,43119797190603;1;1;1;1;0,216300749132262;0,00829076047633522;10,0054205185296;9,98383452033457;9,95892877432381;10,0630155110081;9,98651561740966;7,97870605553265;7,99072570318735;7,96231230760088;8,0355043945093;7,98631706912209;99,5108182292805;1,64717070134079
7;0,000437990555984946;0,0014254362394797;0,00363841523091079;0,0424182630538667;1,23041029766357;1,20894930228748;1,1328288969231;1,19744890177007;-0,449144796793268;-0,454154317696511;-0,350201454136958;-0,279531857604847;0,000228423627720798;0,000715358003355097;0,000416446830472748;0,0110977498137629;0,00130697740851447;0,00494751636995447;0,00320852960710514;0,042466334553625;-0,00210221191953845;-0,0149958858630427;0,00253131951051837;0,02833095861253;1,16753294275177;1,20352377845224;1,16589517559432;1,13161840172365;-0,115192800139711;-0,316618256722797;-0,309600084386567;-0,340776695534508;0,591921521165228;0,590372697223624;0,592674662498847;0,594056570400241;0,590024186378378;-0,303651228231336;0,0312658948096186;-0,00765153901990301;-0,00931471983686294;4,01226471623629;0,368343049076152;0,213036002904921;0,283006375079722;1;0,9;1;1;0,206402377446255;-0,000233691918527243;9,89799573162211;9,86539992854881;9,90295657153138;9,88375553767926;9,90333015750245;7,91445417531727;7,89470066423708;7,91177468221879;7,89995123592172;7,91786865276272;97,8423003122245;0,528995563454716;-0,0190073329349168;-0,0393028614720284;-0,0370535967454822;-0,0578602994229642;1,05617121985785;1,08604710310493;1,05808415792934;1,04011637547848;-0,851682202842322;-0,83906135885802;-0,641947966067966;-0,819535717404457;6,74334572329463e-05;0,000161293656122469;0,000101136048714685;0,0024535934751127;0,000976496858311025;0,00280673534868261;0,00225800016710976;0,0326253484286724;-0,019367945859447;-0,0382165650658594;-0,0328787602245103;-0,0817930628038524;1,03469817622625;1,0930765080077;1,04943385047932;1,07094166109961;-0,683486015996855;-0,489643594882255;-0,701214628487471;-0,656795137555977;0,588476212256916;0,584867906852635;0,587309997565632;0,589039670632404;0,586642674315927;-1,29186874085142;-0,0654256649693042;-0,0770171273765233;-0,0709782836678951;1,59240483766372;0,155588141540796;0,119568028276542;0,124345379538781;1;0,225;1;1;0,198266978309618;-0,0114736649978705;9,76913260842275;9,75704466661998;9,76380947299251;9,76812826461271;9,80679682110094;7,84282644878396;7,81751270244008;7,7973459995309;7,82173609370357;7,8474056521355;95,8565602609214;-1,57282372240411;0,023965211582941;0,0368584283311439;0,0446464269625907;0,159339848898661;1,57483983615188;1,42307899656905;1,221996601141;1,33418407433054;0,275151012802352;0,294417681977318;0,240538703219714;0,55533472647033;0,000509862026289283;0,00175104860596903;0,000661382429570467;0,0252970011405293;0,00162236497062396;0,00757168049683648;0,00428819150444008;0,0510033013118532;0,011607401914192;0,0110669586847557;0,0329432549226448;0,112004178463407;1,4276497354073;1,38317389576792;1,34696877560672;1,25326540713256;0,562987211673469;0,258570523678127;0,456893230137374;0,447649532926999;0,59787352917743;0,59488507050032;0,600345500266224;0,599149045414181;0,593387913250757;0,734220037089622;0,133790503808139;0,0477759160141377;0,0596370205381083;6,2648650546818;0,552222401021291;0,274233081915005;0,48879766474637;1;1;1;1;0,217642350525599;0,0079017072181103;10,0877369736476;9,99123013543544;10,0453292204687;9,98830457996386;10,0282363370863;8,03855229302628;7,98379570629674;8,00964318441546;7,97586343141505;8,00379726363047;99,9441195980834;2,51473561475789
8;-0,00157931444163406;0,010565298144659;0,00546666801851299;0,020617742452966;1,15199189171692;1,10410515584888;1,09828594147483;1,11684742261137;-0,412876293888628;-0,404053040410606;-0,279547615789009;-0,216870693701483;0,000215534487643945;0,000729750680732569;0,000418360231075899;0,00896414786215933;0,00128031764198645;0,00484400886623637;0,00308384890668553;0,0442582280834557;-0,00464799603850294;-0,0157265721768575;0,00039693129424383;0,0136307739618344;1,11884685384575;1,12505434426635;1,11078744867909;1,07722419919619;-0,0906034080458871;-0,346970907114248;-0,224940285742228;-0,39911125028145;0,591948911935515;0,592684014690278;0,591938652812437;0,592785160213281;0,592154235408168;-0,298960837819566;0,0294547907939975;-0,00943649907879637;-0,00667047634907183;4,34576045275455;0,379796601502097;0,161121418461288;0,236057013295062;0,9;0,9;0,8;1;0,20744741304307;-0,00127872751534168;9,91235833259105;9,9088968740702;9,90583029747705;9,88272873977595;9,87570128929911;7,92766561427283;7,91405405174223;7,91639268837063;7,89571355134126;7,88619314665948;97,9695250320228;0,40177084365645;-0,0237240027693067;-0,0381840152592544;-0,0217619727021111;-0,0844542318150579;1,03839577630148;1,02544903013309;1,05943043748924;1,01042083455908;-0,843536544675528;-0,813747726787595;-0,665437522024126;-0,644563688326597;4,48896502691211e-05;0,000158927644608809;0,000146987483329411;0,00131246014983009;0,000947090353413809;0,00269063002583608;0,00230412831892491;0,0334661162212648;-0,0218220422192435;-0,0414435401749754;-0,0302379694729717;-0,101233589252625;1,02994603557336;1,02361353455717;1,03576581947435;1,01888100805775;-0,528472888419798;-0,608695335834159;-0,680676804794136;-0,65713185284151;0,586151038761475;0,58720666635422;0,585984823814635;0,587039675605844;0,588798698460806;-1,58847857400278;-0,0719197699288383;-0,0610065186497495;-0,0743637946406495;2,84660769051623;0,226961549263926;0,0726919285694062;0,145713240566993;0,225;0,225;0;1;0,196707341912042;-0,0128939796546132;9,7982011446267;9,77419927917756;9,81076963707698;9,7739266169712;9,75580034662375;7,81420527595865;7,80597225629852;7,81144168974329;7,83648953132462;7,79315605194656;96,3584834506532;-1,59599583252628;0,0198119023226445;0,0447951772893835;0,0416997497450826;0,168445385565713;1,21844078882144;1,20137619086137;1,20971180658255;1,25420140167513;0,295582441259977;0,401612958791992;0,36967837126913;0,566049951527727;0,000441854860083187;0,00180982689178945;0,000683418739772622;0,0217764580957612;0,00166297729818266;0,00687858489172714;0,00421529815814531;0,0552777468644439;0,0120501035468614;0,00901972668040889;0,0281971207545111;0,0756872119892247;1,27265727080558;1,28514371798282;1,23994312314527;1,15659782559312;0,635802627358616;0,144386847447155;0,477408500553868;0,289075486945631;0,597150801793766;0,598417476919096;0,597015362941717;0,596850863636428;0,597405685335572;0,865269968470812;0,150724004906222;0,0392204554520257;0,0384173445229539;6,54523157698463;0,576934592997002;0,284034389452114;0,351399628776373;1;1;1;1;0,219062665182341;0,00946134361568611;10,0740720936759;10,072531106477;10,0381011272716;9,98235523445486;9,99715169207881;8,02564945364948;8,03883780839471;8,02027778604479;7,95413267331488;7,97583717430938;99,9672917082055;2,01281242502609
9;0,0021642625212829;0,00535753422663414;0,00423770405767766;0,0358045820356764;1,12067527454912;1,09002306520737;1,10352084884969;1,14616091152047;-0,29623599905304;-0,22955973666252;-0,238295540054619;-0,180070427473577;0,000176309399055772;0,000690790364466557;0,000421690312042111;0,00743397829421644;0,00128902466882178;0,00462926421403012;0,00312278869316466;0,0434049424457767;-0,00390976872717261;-0,015602315080355;-0,00308085421704245;-0,00245366067472528;1,15763217635501;1,13291398332923;1,11955240190352;1,09105150392323;0,105643185093991;-0,222481573776626;-0,199519137345336;-0,332688775897459;0,59012625905072;0,593924354496908;0,590774016654566;0,592537368340195;0,591478460190764;-0,389456995135983;0,0391328183574854;-0,0153637713083026;-0,000266274579771786;4,77006033647206;0,41859695324926;0,181159199074354;0,221868232713682;1;1;1;1;0,206595798485657;-0,000427112957928452;9,92740088416385;9,9332188884966;9,90649271232255;9,91230964097092;9,90517805575828;7,94199684378556;7,94197318936635;7,91376439200311;7,91770666161978;7,92006084852074;98,3627233827823;0,00857249289698103;-0,0174344728351589;-0,0323721331552072;-0,0295439559422137;-0,0933666507904566;1,02197612453756;1,0307084199579;1,0616917149897;1,06403147873813;-0,746490039029534;-0,819650768317378;-0,609534910421015;-0,540177070393343;3,65996260113232e-05;0,000234841191058122;0,000139146169043111;0,000729368863418723;0,000971914307378397;0,00264551693322;0,00231366286788661;0,0366320973317925;-0,0139037240282563;-0,0434341445220458;-0,0423470012260576;-0,0737261333490104;1,05628468011684;1,0458755845207;1,05236675852477;1,02323444251196;-0,516944464530315;-0,682764998584351;-0,671412320310719;-0,655733203340092;0,586673404411538;0,587609566644627;0,58510573130845;0,585980916390874;0,58560820592677;-1,25490134828319;-0,0563078896584555;-0,0673592104640501;-0,0362774588419382;2,1714182676664;0,18403300955308;0,0923019074299797;0,0903822939575968;1;1;1;1;0,19944610823455;-0,00894560682484989;9,86315472159514;9,73534331514174;9,79596275370803;9,81033536781316;9,77686529351409;7,88240202527169;7,79394895098437;7,83289126748038;7,84433012200901;7,80568016692182;96,4629795891921;-2,06732617171278;0,0218271767234828;0,0361493634502366;0,041860723749316;0,177537422005932;1,3271751520743;1,16183478946361;1,14358744263891;1,2698067818318;0,435399002629837;0,463913008203774;0,413579532511508;0,579104591090362;0,000339229565576557;0,00145136863297576;0,000652306596598907;0,018406741569445;0,00163205171076849;0,00617284763519706;0,00385040808112706;0,0537675489552033;0,00927334321991624;0,0134100082230925;0,0355775010503875;0,0770311100056107;1,36874685444542;1,27365399811969;1,19925875866912;1,19941849058889;0,612550462381231;0,435220819126371;0,527046341472774;0,407375510348246;0,593435121118893;0,600988739434332;0,596667450683056;0,597014050425159;0,597770566154887;0,674900229738177;0,12543234012778;0,047726284319316;0,0415078582806289;6,32015605525293;0,567418073936867;0,309025566915355;0,367560405640302;1;1;1;1;0,215114292352578;0,00672257729317858;10,079663368354;10,0843356965044;10,0606829078469;10,053531033469;9,99320434574617;8,0581699741986;8,05004082989633;8,02019982810207;8,02598366948673;8,00357144386724;100,438622047392;1,90831628648715
10;0,000759776164261794;0,00613898261026491;-0,00394975721028375;0,016242519494368;1,08654527620511;1,06739926353239;1,09084625837643;1,11465389168368;-0,278641893475224;-0,160286723017368;-0,181880287017577;-0,0770231888565342;0,000155851115877374;0,00062946518305762;0,000420563383480113;0,00584296895345509;0,00128638169452651;0,00467474646327558;0,00307180183401376;0,0447841442062779;-0,006761010145157;-0,0149384403061336;0,00646150983126259;0,00296368439782082;1,09552136624364;1,13855683816492;1,08848093870969;1,07431023416727;-0,0255048820574561;0,0180380498003669;-0,265586311462849;-0,239217031860469;0,592467666806781;0,59324899856271;0,590883095355099;0,592722357518683;0,590421397129785;-0,298590247047181;0,0283786009285002;-0,0128074285748292;0,00983354469980579;4,58497665222906;0,405052420130948;0,242181458881686;0,176531189064208;1;1;1;1;0,208209369407542;-0,00204068387981416;9,90606753575662;9,91301882492576;9,87853724708291;9,91088532939324;9,90122899088664;7,92759553958618;7,91895219507456;7,89625731307643;7,92997387254693;7,9129778922282;98,0640449199197;0,307250955759572;-0,0228104433136185;-0,0200954576360235;-0,0386676718039477;-0,0700861641075692;1,00760896676053;0,998446939370761;1,05670167309241;1,04689328209894;-0,578622864881306;-0,653503616311656;-0,604602876244356;-0,535719988043373;3,89221113590144e-05;0,000137880788274785;0,000200787524272821;0,000607158595244459;0,000980958111805961;0,00275201939240624;0,00249565752530615;0,0374199371944912;-0,0220453096058966;-0,0413840246301074;-0,0308279454575247;-0,0816733317018057;1,04387510359391;1,04558931608888;1,01649465095546;1,02045401066402;-0,533448677069547;-0,487075503246473;-0,66955326400506;-0,657254145507429;0,588343240688441;0,587657231905979;0,584416898332729;0,587184215285579;0,586820390087408;-1,0662522916671;-0,0590566309803215;-0,0567121099114952;-0,0524138412158314;3,05470382179193;0,269677892348754;0,132970299905524;0,0731237435946006;1;1;1;1;0,197378100003386;-0,00708657789357167;9,82044778673284;9,81028333156473;9,75160869708596;9,84049596475335;9,81165603139957;7,83264072855574;7,85696506955482;7,79329521212142;7,8603126669223;7,8408761490214;96,8867364392681;-2,24603151090055;0,0176016877469084;0,0401028889644469;0,0225933613371185;0,140255995240375;1,20954584665974;1,1619050485518;1,13536388319037;1,22229465881301;0,407726518453748;0,464066353107965;0,350903866755556;0,554435385802116;0,000289291557157819;0,00127553736825624;0,000682359476998242;0,0139745444647358;0,00164832050686865;0,00604539788560422;0,00384085921387433;0,0566891514113977;0,010959785704552;0,0140884038721694;0,0407461130913311;0,0708865875069289;1,15153548091981;1,23297188795603;1,15434702077983;1,17502927049406;0,534654145606287;0,52940847032501;0,520767358593884;0,457921984016758;0,596165502915391;0,599167860474256;0,596851043043587;0,597371659354569;0,593351125246135;0,582839591049098;0,11239128482571;0,049868980949452;0,0587005538624002;6,87778853934213;0,613196426172449;0,366434069623712;0,326507687289226;1;1;1;1;0,2132552634213;0,00879058552434181;10,0267634347522;10,0691254157047;10,0551140314745;10,0303996522805;10,0029905140197;8,02499303864507;8,03310006553727;8,04158555955231;8,0154304174333;7,99702520410756;100,61732738658;1,48455943641117
11;-0,00413345295675356;0,00384472515991354;0,00203437153575596;0,0366465759497299;1,08503225078687;1,08254067081814;1,09307054194845;1,14692460248522;-0,103259365369635;-0,145070590778728;-0,0551072189346575;-0,046161803021126;0,000140442895351674;0,000569889007428899;0,000354647075917326;0,00538801833569163;0,00126865260467719;0,00455149630054652;0,00321048319863026;0,0432716350716871;-0,00262823410708946;-0,0108064782078721;0,0026732540164724;0,0158800710748903;1,09289190510784;1,13623275206382;1,07767719057091;1,07753580009097;-0,273492059266599;0,0657308937988729;-0,298420624353462;-0,240722090077136;0,593146714526311;0,592531650905607;0,59091367588549;0,591408643131431;0,590829691756131;-0,328926264277041;0,0343476013605611;-0,0125696447666842;-0,00174304559229104;6,05600044983581;0,53729512187587;0,242698989812812;0,301332800962011;1;1;1;1;0,206795051274424;-0,000626365746695803;9,88388365628708;9,90374654477236;9,87672658928985;9,90972365700243;9,92101103501327;7,90617068362815;7,92176867919725;7,89329968224762;7,92489444552836;7,92743345827797;98,0061696293906;0,365126246288649;-0,021515043207462;-0,0354052565141797;-0,0410681242680232;-0,0798216457587171;1,03012694584209;1,02228181188839;1,06400035865537;1,07396519283009;-0,572572103732809;-0,641247254342167;-0,485899253291711;-0,593936951196814;2,29335833766285e-05;0,000180442098147679;8,99768073624383e-05;0,00047221217512978;0,00100313020960016;0,00277695190563309;0,00253170588805228;0,035882565762117;-0,0190429280923784;-0,0315763471314038;-0,0316863126847328;-0,0381608854108907;1,04166526786516;1,05792168748214;1,03082940798649;1,03585732659868;-0,538944462587841;-0,471129358488094;-0,615981697723456;-0,602337348183955;0,590219394206618;0,586702327512544;0,58186935378106;0,583227104863211;0,586057398516605;-1,14148047818149;-0,080017903192332;-0,0734821698481753;-0,0685550356788938;3,690589419196;0,34024578424796;0,152435777671799;0,144629736007612;1;1;1;1;0,199062526260156;-0,00882538816290773;9,78678330813746;9,74652432843229;9,78269372014833;9,83058192220774;9,84609208325318;7,82308230163111;7,8111594743692;7,8131409419558;7,86273510864686;7,87678725182387;96,861657334299;-1,42216464586843;0,0119864615092471;0,0452891461236743;0,0348714825669888;0,177703029594492;1,2274241071401;1,19786377710701;1,15010283576047;1,23409785583378;0,512340097168079;0,543602747849359;0,516256527999943;0,498714325183567;0,000285947729505473;0,00111628868186939;0,000773742304193958;0,0151191934502459;0,00159389072359569;0,00586553708557186;0,00381142947342881;0,0523952234717465;0,0194586258017226;0,0246403924799945;0,0300470517033702;0,0552903004771838;1,15860912082758;1,22141937573025;1,12265258698393;1,13015515722987;0,407108345734658;0,486544535951609;0,404270513612514;0,468060391888477;0,596991860603306;0,597481126760055;0,597500375120936;0,597238593896077;0,59747931061872;0,853183157578387;0,124196547954482;0,0468188187118399;0,0623384349246484;8,14407598640573;0,73321921765149;0,3713755441487;0,490705269914625;1;1;1;1;0,214994073690636;0,00710615926757207;9,99201999892585;10,0082171355283;10,0072750179376;10,0105688872682;10,0298037739726;7,98349979954651;7,99752360402603;7,99915645346829;8,01703871596233;8,01089331373307;99,7934605215477;1,50963854138025
12;-0,000900383481073241;0,000580309968913673;0,000175912868061612;0,0199715924792041;1,08016644937902;1,06009029889241;1,067945163245;1,11000363876361;0,0571251393374981;-0,0398094854995051;-0,175315884563939;-0,182208709987061;0,000147854851349767;0,000527985953066627;0,000306964034945198;0,00514777316229892;0,0012902053752436;0,00452678156322944;0,00322373454581156;0,0435902426310172;-0,00433281563683539;-0,0119875287654391;0,00099010972577398;0,00149512759045187;1,07501660812507;1,11079202539128;1,07304796412395;1,06020991041237;-0,191267768356778;0,145295740659199;-0,348000755979334;-0,112288260485508;0,591837460872656;0,59245681978981;0,591370647255432;0,591489879974141;0,592580452355958;-0,279485481191128;0,0271344320631245;-0,00697429756164312;-0,00722462199228676;4,9184835249534;0,446942747381403;0,266872540864094;0,265624745908604;1;1;1;1;0,206499004817245;-0,000330319289516837;9,94111306332308;9,91157205210685;9,88138506161204;9,94114548629421;9,8943639552957;7,9441847584166;7,92854617547908;7,89071237625362;7,94533846173636;7,90501612381982;98,3045424144532;0,0667534612260326;-0,0217336071324239;-0,0421707419997712;-0,024445928830435;-0,0957362228149225;1,02870457606026;1,01049902988562;1,02527990206779;1,05436280921396;-0,575150887621326;-0,703950835693357;-0,546477208268619;-0,540456405767291;1,09757834866141e-05;0,000173749771116417;9,58808493574804e-05;0,000272871906665919;0,00102880737820593;0,00307186451331869;0,00266496292225198;0,0351415177158012;-0,0228875379808744;-0,0454763193793905;-0,0359004143372013;-0,0876771587197649;1,04285199439277;1,05109047014097;1,04430254979117;1,00999339514754;-0,569868700979067;-0,461735376573397;-0,611496600512141;-0,578143665369811;0,588111504189151;0,586039824572193;0,583343193277732;0,586878458099947;0,58203882557585;-1,37890215413782;-0,0553303899182168;-0,0646887435588596;-0,0677566650326308;3,1044812279867;0,304905032368125;0,176307041144986;0,195818522298631;1;1;1;1;0,200364614003649;-0,00858657914979778;9,841883050825;9,77814529132771;9,76780542287995;9,81074014407956;9,80626508405324;7,85104315706349;7,82122478575369;7,78140013324065;7,84198820039106;7,82196143846097;96,880978789668;-2,14490899443264;0,0207397951921853;0,040534314506492;0,0381978050544618;0,132297978901215;1,15529709246892;1,13209653620814;1,13892919298877;1,19892754656894;0,514391735532617;0,547959938969659;0,517222718120487;0,432697314385562;0,000273553871353476;0,00109820493048379;0,000732132471449914;0,0127356119887272;0,00159103992448264;0,00596538734389902;0,00397860480785392;0,0581374692881084;0,0157642050270253;0,0352273963312121;0,0390696486309109;0,0737819530638665;1,11236068681831;1,17133515480436;1,09937609786314;1,11492696066158;0,515568985415488;0,468467552009625;0,262672853387278;0,575773924894213;0,597178631798945;0,597567794099794;0,598175668615261;0,594331393234822;0,597929853491931;0,536424780529292;0,136461379497492;0,06329068859897;0,0552654770976221;6,90245206661099;0,644835127942666;0,402194012131645;0,324111750784828;1;1;1;1;0,214755264677526;0,00580407152407947;10,0717611165626;10,0467672251485;10,0956003258671;10,1164304517188;10,0422019987161;8,06204688678125;8,01629167500547;8,06190879263641;8,07627962668241;7,97508847869477;100,516204870112;1,49031708601124
13;-0,0031319279738458;0,00725482079389392;0,00399142861926224;0,0283157882284314;1,09101393766744;1,07026718202504;1,06115735643344;1,10578619062105;0,0793033417295082;0,0562019635718271;-0,0786433349146713;0,0893821374685612;0,000137261164705232;0,000455339264906294;0,000217767608526676;0,00576065405818027;0,00128384791401211;0,0047005386588551;0,00334491082793458;0,0443632740453486;-0,00590248193549643;-0,0123916977302932;0,00289790938502374;0,00883684872995456;1,07546667953204;1,09831771672099;1,06813696642921;1,0710251831835;-0,184490690462688;-0,0420961919817559;-0,355997212884035;-0,0308353952515993;0,591036080553727;0,593230690533498;0,590792949302012;0,590896006372083;0,591586830744375;-0,300469298372354;0,0326022245857037;-0,0191840598795428;0,00171634734299423;4,90820941100714;0,430674283239262;0,238522566858266;0,254576563137228;1;1;1;0,9;0,208401082274246;-0,0022323967465177;9,92575191419844;9,90478053159238;9,85692079865806;9,88889568051596;9,90016164704678;7,92872429818684;7,90906256518013;7,88515675508036;7,9036409228469;7,90560057092588;97,9336217915817;0,437674084097543;-0,0291281646481941;-0,0452823167807333;-0,0245731611883768;-0,0843427600014056;1,03304860802274;1,02214802551524;1,0212425811029;1,03488582099847;-0,492840457699399;-0,537843191828622;-0,573761332371156;-0,483731339175607;9,62550883002544e-06;0,00010593875823843;8,2885092091688e-05;0,000262929342428682;0,00101622024522506;0,00349324333257956;0,00266710741818133;0,0335494637599482;-0,0282107549352637;-0,0433109042895325;-0,027366713019408;-0,0976118699399849;1,02808026480632;1,04037755008341;1,02009850726562;1,01423825728555;-0,558182865119402;-0,500867530720045;-0,624267272177748;-0,533827509000239;0,586268083899705;0,585953998935318;0,58585505707795;0,582347445051937;0,584723496663837;-1,10499708134888;-0,0516753548171951;-0,0625229701467512;-0,076858231618348;2,77655696841104;0,273233562684099;0,138712720733804;0,143826719344484;1;1;1;0,225;0,200596597797497;-0,0141241020904302;9,80218788303958;9,75999781017164;9,7561906640637;9,78040831901036;9,80764801390748;7,823840234694;7,7764973625576;7,80062765486826;7,82779623782376;7,82760633217673;96,7709293088593;-1,81483421908337;0,0245559060504021;0,0477799359205989;0,0339779968237018;0,172990039017847;1,17674117441547;1,14999679192385;1,14769303317532;1,17753112499643;0,552358793436643;0,547603952670192;0,481766246357519;0,459997655325904;0,000297928045047734;0,00102612431660066;0,000561304829237541;0,0146958015574378;0,00154738339027927;0,00624887722310631;0,00457643070264741;0,0565894952082936;0,0099781574659761;0,0228090438646919;0,0369313503274559;0,0772785983237498;1,18598400096948;1,17588183717196;1,12810693498164;1,16271035527272;0,521377155178394;0,518501313945476;0,272135356247409;0,591079813377095;0,595099520769595;0,600062896212525;0,595886138581104;0,597063025037224;0,598211826020799;0,594645358258078;0,118470719668914;0,026605237278389;0,0860547987182582;6,81444338804879;0,604905932044622;0,340117691592203;0,374443828081577;1;1;1;1;0,220292787618158;0,00557208773023124;10,0496722917155;10,022982334562;10,0173783697803;10,0071630757391;10,0320411138259;8,02831046370926;8,0063799009391;7,99854359390542;7,99708217380915;8,01906565257782;100,186130094763;1,60036656682001
14;-0,00265515511366665;0,00648024968960175;0,0026202408774483;0,0143729830179584;1,07620641002995;1,06496440470921;1,04703493365077;1,09223828586156;0,0781924034525188;0,104957837638701;-0,123152307007951;0,128014590503384;0,000132731661889425;0,000462593569006838;0,000171830596391137;0,00472576882475751;0,00130362418468695;0,00477111330695712;0,00340349599907636;0,0463179721038057;-0,00556274394661802;-0,01785657906932;0,00022428140507591;-0,00287569763659086;1,05995466272497;1,07343437378626;1,06435216131495;1,05670721230127;0,0309168897601614;-0,274359835255538;-0,371275827405688;0,0524353075733232;0,592353729204439;0,592456523948219;0,590555327523193;0,592764280152966;0,590992005624562;-0,196372177863186;0,0199541177902992;-0,00938670272528574;0,00852684895365243;5,2905079419039;0,472023695280083;0,208260620794228;0,229987312705024;1;1;1;1;0,207970044814604;-0,00180135928687557;9,90890665478039;9,89888519156313;9,88465446300093;9,9336207133006;9,91677153078608;7,92403316326489;7,91892635359568;7,89561762661391;7,94975852914886;7,93339823998416;98,1950159538808;0,176279921798456;-0,0215052535973496;-0,0299365308811634;-0,0335688350224197;-0,0840373676450518;1,02580556389577;1,01201420346077;1,01602138436389;1,03287046410048;-0,543502123686907;-0,437726194380697;-0,610447079417347;-0,420286240113128;1,17001059267932e-05;8,72854476307433e-05;6,89674622405865e-05;0,000511128619778346;0,00102992150767279;0,00353719258227215;0,00258216774214545;0,0327546101924975;-0,0243921350986638;-0,0381902503560282;-0,0460905880467545;-0,0917152199281123;1,01761293336241;1,03013556928583;1,02073949637659;1,02115638295578;-0,472860855714598;-0,44808489245433;-0,649173450203297;-0,537141456572717;0,587011537247778;0,58538432312928;0,587488458719377;0,587104726653562;0,585279283398453;-1,28152591825773;-0,0284216595314647;-0,0898118406082348;-0,0627911267205774;2,44783216092737;0,234551368494162;0,13595263234174;0,107498133633595;1;1;1;1;0,202724316287443;-0,0114607814541876;9,77454532354733;9,79170555375218;9,784787482558;9,80389368221484;9,80509589156115;7,84242061372006;7,83968992126201;7,82641733868544;7,84199816089914;7,86885067402299;96,3859717976949;-1,46569523493057;0,0168305282159699;0,0525660531205675;0,0419703199844609;0,155702840425247;1,11836480557815;1,13394922437444;1,08261583298007;1,14223540096817;0,611216077546558;0,533982623705843;0,330049849297767;0,451057037314879;0,00029328264226366;0,00106029528548543;0,00035206713986701;0,0112536257999062;0,0016908894780031;0,00616910867076863;0,00462961180634686;0,0562548541787779;0,0110513308190761;0,0102417300708023;0,0309726830747033;0,0787515154361303;1,1134310925519;1,12060045160446;1,12677993530568;1,13202530257575;0,53542006361334;0,287479584316462;0,255907825946112;0,563316636814187;0,597554799413671;0,59852989896997;0,595745074393824;0,598740676233397;0,596135795943553;0,288865349933652;0,133449677318055;0,0406794600583772;0,0685617531615199;8,28105529732398;0,714384185494732;0,298941562674282;0,332477061590696;1;1;1;1;0,217629466981916;0,003444369240285;9,99198392778167;9,96697913993519;9,97726067176342;10,0595093149544;10,0499366124628;7,97648441792625;7,98348969731787;7,97405055488155;8,04736583227257;8,01386023064132;99,8369911106098;1,98532407798432
15;0,001958695604403;0,0015137382898545;0,00568932664172538;0,0306000665589572;1,08472045651644;1,07636295086223;1,04636925075217;1,10272876984376;0,0840760597914384;0,0292290899065879;-0,00589855628481985;0,152289051625041;0,000137884887376266;0,000488488000659181;0,00017473923816534;0,00447254184770445;0,00131473048511502;0,00472350054993771;0,00342991289980689;0,04753167261576;-0,00466737812769549;-0,0144103774669749;0,00502596056290843;0,0107952331666187;1,06923294111504;1,09054765235413;1,06845452414538;1,06805892096281;0,0497667836127064;-0,26770009261827;-0,249146935494463;0,028838030707844;0,591273689180477;0,592859632565791;0,592544607257974;0,591201095283844;0,592556291872304;-0,261463376734563;0,0249963631382756;-0,00165028085659386;-0,00604694045291707;4,32616692795052;0,38290757293735;0,230499948782351;0,300911833390002;1;1;1;1;0,205931334926625;0,000237350601103589;9,92014988474371;9,90717716386577;9,9412235249075;9,87181035057027;9,90539969773031;7,93016883933795;7,91700635370519;7,94763492251402;7,89131460271564;7,91515992536752;98,2063784757508;0,164917399928488;-0,0185621059165322;-0,0432257563888634;-0,0368274594767046;-0,0871771555627711;1,04191976124451;1,01350836868928;1,01163216142881;1,05649696687197;-0,565533601614157;-0,455675870828669;-0,618971728091404;-0,41977949329228;9,04645126727273e-06;0,000167692698769166;4,74332724643672e-05;0,000916900535556137;0,00103802417254349;0,00383992456500947;0,00256903115788416;0,035410654281198;-0,0249926079652669;-0,0437614939781959;-0,0212334078934343;-0,0754802363063027;1,01904671060625;1,03757988012259;1,02881922027954;1,02887138761691;-0,447141218496439;-0,458366269890054;-0,671891236684898;-0,473704168017033;0,585413341800038;0,58496832704106;0,587519265537022;0,585728973385449;0,588411931869191;-1,14489029026725;-0,0642450695831881;-0,0559902860846866;-0,0692205166735176;2,55919982701182;0,172660105570897;0,163403919865348;0,17788516223421;1;1;1;1;0,196291431290025;-0,00491550450792363;9,807394870746;9,81536705852729;9,83850292592757;9,79026064922765;9,78838850047925;7,8259072465199;7,83937142300403;7,87687483059399;7,81806966000475;7,81926870806635;96,5758340696514;-1,61148641571801;0,02140055842213;0,0494245592355951;0,0380181983949223;0,191389413261559;1,14787441729868;1,12245823373476;1,08195691746839;1,16633823618381;0,627330343485605;0,549939835958895;0,383440726530916;0,560123150499922;0,00028795166951313;0,000874258351097647;0,000341763097555091;0,011082713426469;0,00162164813042903;0,00595701177237613;0,00453788693162487;0,0585250974957372;0,0123847169460552;0,013968338089061;0,032508728167298;0,104547850389931;1,14881698258902;1,2095340983908;1,13133852080205;1,13540874415278;0,536543598486128;0,285907548630368;0,364603277577031;0,527350792002766;0,59654055269571;0,595789535928173;0,597944529108025;0,595786128392823;0,598806534363244;0,742898338631067;0,112970087052176;0,0355407013340678;0,0547888205617213;5,38985080155198;0,498314969951268;0,298257574500699;0,508098286441046;1;1;1;1;0,211084190035652;0,00987725423770352;10,0385203743644;10,0009825409814;10,0244034265914;9,97843454246301;10,0310299856432;8,03271808041415;7,98235848454084;8,00962868954468;7,96088071198424;7,99766133759801;99,9827822913973;1,79546180602789
16;-0,000267686804808598;-0,00369901936787955;-0,00345736295628589;0,0288064167272129;1,07174562707327;1,06341952750694;1,04334028083321;1,06363889940164;0,0553457117031382;0,0313318007501161;0,022525074035913;0,226746362589959;0,000128103550190886;0,000460049282690914;0,000191952620953496;0,0036906152808593;0,00130903749387281;0,00467826756442233;0,00340240575505892;0,0478253591687978;-0,00598753186181762;-0,0155689436108606;-0,00124201380899023;0,00954654359681193;1,0600765876452;1,07247813945874;1,0496324151236;1,05606061745713;-0,0839106454478975;-0,274969026619737;-0,288620984649879;0,138665044997354;0,591921319681733;0,593219505751335;0,593000966594255;0,592781236945938;0,591801405634928;-0,306389902877721;0,0286551755796433;-0,00302238051736223;-0,00160926120039592;4,51141763018047;0,404587544501708;0,20354787512933;0,282188763794217;0,9;0,9;0,9;1;0,206439736998467;-0,000271051470738878;9,91658132526788;9,92927384749811;9,92673942274822;9,87769296570472;9,88460887731773;7,92296382624154;7,93387113912265;7,93786392680682;7,89529622851811;7,90358404292403;98,1646984923124;0,206597383366831;-0,0299016425896815;-0,0621846107277631;-0,0305337138725011;-0,11293519793993;1,02706142931903;1,01456469977284;1,02001776835232;1,03638870053188;-0,579651231879458;-0,434275979599355;-0,628249058049001;-0,304223510223518;1,69124266188535e-05;0,00017030312723242;4,31443747899772e-05;0,00124958193687479;0,00107022844204035;0,003832977043177;0,00257767404523674;0,0365749106849648;-0,0234871488413465;-0,0503486341016037;-0,0291070440302587;-0,0848285226349244;1,02492728909071;1,01728756911664;0,996797433009121;1,02089971647156;-0,437085247074275;-0,47170390900498;-0,657643428934162;-0,488978576291675;0,587876706659771;0,585602958441275;0,587647095754079;0,587080162506849;0,585110192670049;-1,31547449717449;-0,0549699403512862;-0,0627840991372037;-0,0669363508912133;1,3799394567992;0,145660273162841;0,109951136408881;0,158980661210265;0,225;0,225;0,225;1;0,197767067233532;-0,00672035496472519;9,83493371709089;9,8116671607492;9,85167814589971;9,74822099386988;9,76766876955049;7,85817449911987;7,83394816295452;7,84650598333364;7,78733367904941;7,82227242108606;96,7839183022939;-1,29270230261647;0,0199820577704326;0,0334258004685804;0,0278901090175617;0,168782341548872;1,10819416858357;1,11496678559533;1,06918420893949;1,11225834743166;0,546339612423056;0,570169639734202;0,282030712012444;0,523564051494006;0,000264440249200965;0,000887058220526984;0,000370896715979837;0,0088282820928226;0,00160917362176355;0,00576767342543502;0,00448210075556427;0,0570399324523777;0,010177146161195;0,0196525654667853;0,035911400897667;0,0862193784100532;1,12800482015288;1,16001376907794;1,12302733960577;1,12046484164175;0,444797111034657;0,26320856834799;0,429138665182489;0,543897053116817;0,596638857462735;0,599102245742195;0,597563202403709;0,598080684245619;0,598969824737734;0,744830124876364;0,128504713917735;0,0641228454699153;0,0548465360966167;7,62192734739959;0,696099242299888;0,327367441234859;0,457088464560973;1;1;1;1;0,212889040492453;0,00840161829419642;10,0461150968162;10,0548514633594;9,99471538472086;10,0577513952584;9,95980311666324;8,03611172189268;8,02192030966633;7,98777037092047;8,03023666172861;7,96201315586414;99,6639981782957;1,58737757338537
17;0,00183124205099894;-0,000392159879637877;0,00279848560372419;0,0377246739228944;1,07379697599739;1,05794265229649;1,04655270038913;1,07076427860583;0,14728858416769;0,0405167764751644;-0,0339798950304845;0,302587044101209;0,000124936801291265;0,000424107168852405;0,000173985460663664;0,0034445045914153;0,001306247883103;0,00464117605472647;0,00340247737580124;0,0471261147878778;-0,00385642238205288;-0,0130063404646198;0,00335395771077893;0,0166303089183195;1,06385421506298;1,07249872606505;1,07088749035148;1,06225991329495;0,000485838833480534;-0,170384310224118;-0,287081047529124;0,042832630674987;0,592451062526582;0,592612093797577;0,592621017967059;0,592758858633138;0,590116579941545;-0,318667845425813;0,0313626297951647;-0,00566769844455245;-0,00837815404238119;4,28029942419673;0,380166441453349;0,209364028964814;0,293654571580837;1;1;1;1;0,205936076408896;0,000232609118831917;9,9162265078173;9,86704089490843;9,92857567511371;9,90424534730571;9,90343800754557;7,93430334919213;7,89694231126188;7,93587320196732;7,92052754627636;7,92500421647327;98,1040570017181;0,267238873961111;-0,0186394934908874;-0,045608795851142;-0,0260344463713127;-0,0767863486770721;1,02029838585102;1,0141308657813;1,01410162612635;1,01992146592245;-0,532710008939407;-0,422589527249413;-0,638725469551771;-0,178075536701633;2,09476591805194e-05;0,000156696267842103;7,9390693522554e-05;0,00105749931839363;0,0010991651030552;0,00392546978121914;0,00253350323504993;0,0369669090009915;-0,0211147723548933;-0,0484561312173718;-0,0320147106323907;-0,0644682117587462;1,01568530911958;1,02451469687537;1,00723224445732;1,02285569446425;-0,436741875556851;-0,477542359328848;-0,657914454790444;-0,568387548469118;0,587781544567765;0,588080795303667;0,586146891146813;0,58729633041702;0,585685866128965;-1,6438007526616;-0,0525625009300369;-0,0622622032817163;-0,0793045320067812;2,33141108867186;0,18142238025388;0,0868712335700867;0,20892286142347;1;1;1;1;0,196166805595101;-0,00858572946590908;9,75251775672422;9,80168327160866;9,77835931332705;9,80412595733858;9,80600061656632;7,79414484217371;7,83805661817636;7,84332558776735;7,82021053155534;7,85387121036555;97,0164734339569;-1,20896801333211;0,0194296372969242;0,0315167009374618;0,0319484065618676;0,151915102728673;1,10317392594195;1,11688950233813;1,07934142586245;1,13043374403642;0,540619256636163;0,512709029594742;0,295490741185544;0,527474629731378;0,000240059502723861;0,000881850753496083;0,000404041430857421;0,00780379842590883;0,00158683022881345;0,00580581483681479;0,00447054538048135;0,0547451819674118;0,0154518263881637;0,0115884214205067;0,0367505695258308;0,0856674129412276;1,12484170904007;1,14212485617267;1,14920641225386;1,15604085188969;0,438588084508768;0,459474757063217;0,43594806008049;0,530030954986749;0,596268454342999;0,596220600587239;0,599608815808078;0,599558519486123;0,597094082271475;0,530615337738126;0,148807501542142;0,0530657453437856;0,0554181440333323;6,40505630922381;0,582241441258808;0,282820937475172;0,375776523934336;1;1;1;1;0,214754414993637;0,0100018799326275;10,100880346102;9,96338820378032;10,0333133855229;10,0262503588293;10,0278574593064;8,07322545857994;7,95645718379172;7,99657447710011;8,02448247058318;8,02387697536024;99,5802638890114;1,35482244172237
18;-0,000551903044994795;0,00120325274249287;0,00272871682575563;0,0204157158062536;1,06383596998414;1,0527892078766;1,04087101182314;1,05532153399715;0,129157620509695;0,0446659302830934;-0,0301374523804594;0,357922670146616;0,000113285252895996;0,00038466315077494;0,000175277656609526;0,003196547692676;0,0012979574981626;0,00459359135410649;0,00337072562445438;0,0476869020496724;-0,00341860448459164;-0,0128587762279105;3,52114674194048e-05;0,0156355053942411;1,05419817337665;1,054860843386;1,05099673191602;1,04022677663718;0,00307208445129535;-0,103486249792166;-0,226904618563315;0,0278925960822054;0,592946464445561;0,592841891493979;0,592011313767276;0,591697138724838;0,592476223661051;-0,281163476459701;0,0262843111481171;-0,00375846054275523;0,00130027477044957;3,51716661934693;0,324444850834066;0,200564063510421;0,232537175819921;0,8;0,8;1;1;0,207041753419659;-0,000873067891931001;9,92419522267738;9,89833471652038;9,89955055477949;9,92236326802706;9,84548085556798;7,93254147796686;7,90248281956702;7,92076016903942;7,92595322302332;7,86764479310859;97,9881061267443;0,383189748934957;-0,0206191219056487;-0,0416894662179775;-0,0380346263646101;-0,117652303360429;1,01136706577634;1,01122268699426;1,0112615247823;1,02406366914416;-0,477901981145787;-0,425328672606207;-0,605224859445613;0,258974536971329;1,35526274563733e-05;0,000114139983350667;5,14496095852792e-05;0,000873009939567987;0,00111305124508927;0,00374680704030687;0,00243682131142598;0,037672430722237;-0,0249554555707646;-0,0393836448262364;-0,0354760611948309;-0,0943414247254775;1,01298575405385;1,00812794709905;1,00555299182605;1,0103796118707;-0,419311801973887;-0,46897953353019;-0,648954637388944;-0,589606801014499;0,588854770268353;0,588212233471753;0,589642728520231;0,582717187920664;0,588090747016934;-1,62802437840766;-0,0580883609095428;-0,0595880153691172;-0,0589393859628943;1,41107417501019;0,134243904837329;0,137940808981094;0,0918127455799969;0;0;1;1;0,195903209097763;-0,0133193673950322;9,83077393241602;9,76396731713172;9,79059055409873;9,7890358449467;9,76573922516925;7,8711314724674;7,7998674117618;7,82673340007625;7,81672620047356;7,80146465957428;96,5425834926548;-1,97577074772673;0,0215169859239143;0,0389772006374065;0,0360822263141694;0,14484283218672;1,09857484267384;1,10465375196556;1,07464394453717;1,11993604944311;0,57151979264635;0,483970598963647;0,296074933874684;0,528416778200691;0,000217042612038109;0,000807040919430819;0,000433635406967282;0,00699009952896267;0,00156900430155936;0,00571447157549553;0,00434845261763217;0,0534086083609247;0,00831774603493371;0,0234251899561693;0,0331317698607721;0,0949322635550836;1,10705768112223;1,12511892892719;1,09543021254633;1,08598635870348;0,43008332933477;0,4792769780961;0,479011209377976;0,504941498638604;0,597598666051913;0,597729072327467;0,595544882228559;0,601977047571465;0,598152082484867;0,686288053998777;0,158804091426621;0,0527796946825632;0,0706074549428323;6,22668999099137;0,540390743159873;0,290356045838113;0,379087331613774;1;1;1;1;0,21948805292276;0,0102654764299651;10,0496719646843;10,0399495166033;10,097792068979;10,1046340907381;9,91062041287812;8,01109964845133;7,99883225094921;8,09140221716308;8,06326417628403;7,91914161492684;100,347066623406;1,8287123830244
19;-0,000347572926857431;0,00785905380078491;0,000917122687557936;0,0440043972160755;1,05280731571851;1,05234667247335;1,04770564582809;1,05768636680047;0,175541942909449;0,128509334220959;-0,0203972898068818;0,33354724078882;0,000104357947260788;0,000329030711781687;0,00019624441474714;0,00296184894230179;0,00128653537991154;0,00464224609410464;0,00337017254712793;0,0485829001355774;-0,00461889251235532;-0,00947349085213869;-0,00112052356368366;0,00617625756750222;1,05091815481137;1,06008224434436;1,0568754407807;1,0451348395248;0,0965374087045485;-0,00404694706747207;-0,107833643174641;0,0830583239941785;0,593642834791212;0,59206026896561;0,593690839337487;0,590507561387431;0,591528940507125;-0,270738472349097;0,0292711350411903;-0,0140136429587356;0,00705622652235597;5,0192213633632;0,437252069466926;0,199860240847017;0,212151370944919;1;1;1;1;0,208661246023096;-0,00249256049536816;9,90152890030954;9,93036406139372;9,87427001301647;9,89928985838419;9,87543099941342;7,91417737496247;7,93411151543723;7,8979823868208;7,90906743445095;7,88670325764425;97,9500051548173;0,421290720861957;-0,0274718218829276;-0,0321136821391927;-0,0274961093207375;-0,114135048450794;1,01387584913762;1,01066459368144;1,01140512825867;1,01618091318822;-0,429356155193284;-0,414519891554629;-0,610085367103818;0,207529729088276;1,35103146303902e-05;8,57112555112576e-05;5,24589733408234e-05;0,000817188260918366;0,00111614137838215;0,00383906956911632;0,00262112009091895;0,0388831477751537;-0,0222050323770864;-0,0434561870182054;-0,0384033338020114;-0,078325026503053;1,01730482095676;1,02519064361651;1,01038801045162;1,01124719015294;-0,390548354336669;-0,439390825609471;-0,635929469168952;-0,639866661177826;0,588704424121892;0,588506663628505;0,589574322817532;0,584925666034816;0,587140685322559;-1,48817549514318;-0,0453806935144212;-0,0589224899274616;-0,039380783172969;3,09391700506339;0,239869496781441;0,122644255531526;0,128932150183053;1;1;1;1;0,202956779864703;-0,0123550936317076;9,84013675014327;9,79550862856491;9,73133751730585;9,81247867144682;9,7924836735439;7,85855295222997;7,84188401825722;7,78082989075683;7,82578524378101;7,82574116681207;96,8280531817336;-1,57190492586116;0,0154703874076249;0,04289312366928;0,0386533447770528;0,200796174623135;1,08866772172071;1,10310529044538;1,08775426506235;1,12909612392826;0,578945903657588;0,473020452908116;0,296231423064574;0,509804585367315;0,000187867715180474;0,000718283308957409;0,000529994370898862;0,00693850765623896;0,00154455482427169;0,00595235947101635;0,00425257186736522;0,0563990321973196;0,012676473934676;0,0233093789889952;0,0259239439406523;0,0817429100604739;1,10535934523094;1,1233434664819;1,13915692646606;1,09120203105621;0,428761329461555;0,471159771765245;0,399342156022449;0,524404321606148;0,598591988836912;0,594135174544694;0,597135395397785;0,595213315369261;0,595602424871732;0,525593678185608;0,147022012436499;0,0490529301254868;0,0561652766121834;8,08495808769838;0,708785409028132;0,275901673285797;0,369552453133861;1;1;1;1;0,218523779159436;0,00321190566302506;9,99525272655494;10,0505871630692;10,0261423950854;9,98565530517178;9,99655557095872;7,97751561777329;8,03489111142203;8,02423786678142;7,97898516721152;7,97997298827502;99,9432008015404;1,5432426939457
20;-0,000414659593052669;-0,00371050802863047;-5,45938209798702e-05;0,026456413528911;1,04756950540123;1,04753204941867;1,04228494086475;1,04271000319212;0,251418425501784;0,083814230274829;-0,00144604235178301;0,297489798809807;9,93049268849499e-05;0,000304915082126669;0,000199019811691638;0,00277965986089754;0,00129488760812915;0,0047137713265924;0,00334621820984066;0,0480597035002386;-0,00294239663597331;-0,0159828942362241;0,000117900292694539;0,00775196693945404;1,05246260515484;1,04684721595396;1,0454035166878;1,04394425678697;0,126486560780836;-0,0075829698354698;-0,14246530711194;0,0867427071681859;0,592744623140396;0,592797820904403;0,592576373095265;0,59104015856985;0,591245474915888;-0,327125241429225;0,0327813692774155;-0,0128746762471764;0,0042422610963899;3,85174677965645;0,350229811148445;0,236664929210423;0,252900910068106;1;0,9;1;1;0,206866014314997;-0,000697328787268753;9,92461634686688;9,90367223511261;9,88637842743483;9,91388694617865;9,90174480461456;7,93082858700212;7,90141530224273;7,89381238805719;7,92995167289175;7,91482900779506;98,1467511091871;0,22454476649213;-0,0214724866078471;-0,0373813635950232;-0,0259331206289007;-0,0966163910606768;1,01049273751191;1,00372069484942;1,01555170120169;1,00963374862802;-0,389929593187668;-0,34621610273762;-0,586099784365266;-0,0221392298430539;1,73645082449119e-05;0,00011150668986801;2,71893425235371e-05;0,000598532828278776;0,00112185402721172;0,00389610170954701;0,00267644643301998;0,0391277302762939;-0,0257715891304302;-0,0469141468840935;-0,0350115907737242;-0,0942770128382096;1,02110062638393;1,01045671024927;1,01511793489289;1,00885700087146;-0,323975751991627;-0,455865059804982;-0,615391548031439;-0,594267015359173;0,588880315572683;0,590065954896641;0,585593238664008;0,584387168034441;0,584091290573663;-1,29450008383403;-0,0455018081626656;-0,0525632877871965;-0,046322121338367;1,80553897072951;0,14278679945251;0,114211940883586;0,156205248799082;1;0,225;1;1;0,198186873093724;-0,0104738434267346;9,79184282471146;9,77898803418223;9,81040452602702;9,81341770040794;9,77401117736639;7,83828274550513;7,79766348986631;7,8138662541507;7,83382853763198;7,82128293407817;96,4187439322923;-2,06462049955384;0,0190691976435218;0,0495892977606782;0,0201617399324385;0,165164276177742;1,08858220632987;1,09177445971806;1,09857820894217;1,10022272299424;0,56769692030087;0,509903846412968;0,339821727292824;0,523195978805023;0,000188437453975845;0,00069365267835128;0,000594004752671926;0,00627735866065552;0,00154969524725408;0,00602280342716883;0,00411718497875735;0,0550274926785574;0,0146872503187052;0,0248846641651243;0,0372892584015762;0,0777259901542568;1,09863876287668;1,1094948409049;1,12819856709987;1,0732550717086;0,396857035484579;0,464820649017346;0,409170082124088;0,510217803075837;0,597225360691885;0,59670968586108;0,598653208068973;0,595755947670246;0,596170340834912;0,435254263460999;0,120522619344247;0,0403718203739625;0,0689742183876422;6,59011132350651;0,638244647466621;0,411181212711653;0,434229937369774;1;1;1;1;0,216642528954463;0,00798181243400396;10,0165129245827;10,044132762853;9,95251113374594;10,1046010799459;10,0817884949734;8,00135987440042;8,01689879758701;7,95164136608998;8,06205540914136;8,06244269602723;100,435916375233;1,95255194338699
