"V1";"V2";"V3";"V4";"V5";"V6";"V7";"V8";"V9";"V10";"V11";"V12";"V13";"V14";"V15";"V16";"V17";"V18";"V19";"V20";"V21";"V22";"V23";"V24";"V25";"V26";"V27";"V28";"V29";"V30";"V31";"V32";"V33";"V34";"V35";"V36";"V37";"V38";"V39";"V40";"V41";"V42";"V43";"V44";"V45";"V46";"V47";"V48";"V49";"V50";"V51";"V52";"V53";"V54";"V55";"V56";"V57";"V58";"V59";"V60";"V61";"V62";"V63";"V64";"V65";"V66";"V67";"V68";"V69";"V70";"V71";"V72";"V73";"V74";"V75";"V76";"V77";"V78";"V79";"V80";"V81";"V82";"V83";"V84";"V85";"V86";"V87";"V88";"V89";"V90";"V91";"V92";"V93";"V94";"V95";"V96";"V97";"V98";"V99";"V100"
1,83037052185833;1,79195031067206;1,84434847609214;1,88913608954734;1,78910390784726;1,86962869637284;1,82293137900674;1,92521831360822;1,90241263479796;1,87519605356386;1,88873972111213;1,8918916535492;1,87445693380644;1,90860407135913;1,86499155329211;1,88067372801542;1,98728239092613;1,88729339887917;1,76952767731305;1,88484145116707;1,874269385183;1,85256329257653;1,87011567856411;1,88513827764654;1,96721240939444;1,87024567442014;1,91275843907645;1,82039050643433;1,78247776688281;1,91404347034576;1,86064602637928;1,76036980782622;1,81301148845346;1,88550025924216;1,82685269783864;1,76381345499596;1,86312322465932;1,80739408983369;1,84870193837115;1,84805898990626;1,9286674583543;1,81012356428771;1,82475955601701;1,90507641038243;1,8632881803658;1,86052688768575;1,92250956231976;1,82225680914197;1,83804115796938;1,88856055710208;1,85783665218191;1,81577067502663;1,90704883102844;1,8655427207309;1,77001978544898;1,8968744060002;1,80891805679689;1,87059353140832;1,8920792884168;1,90836520797738;1,8365592845738;1,9143233213011;1,91078535145495;1,81389114770041;1,81197068163804;1,89325231433877;1,87156921248095;1,87220639643415;1,80860524690584;1,91048021082845;1,84824840347942;1,87712592171801;1,90609824116715;1,91799140748333;1,88695873981214;1,81793961769841;1,77689765614965;1,88317709170729;1,87170288662244;1,9128890330248;1,96124223276334;1,92876330517786;1,90266158286415;1,88323091598689;1,87716723841095;1,89290832853293;1,84062140434313;1,84505968774695;1,86812097081476;2,00769089663094;1,86766443239879;1,74035850825679;1,86524437735988;1,76621999279271;1,81039170239319;1,85152494913482;1,86138811980156;1,93011074965142;1,9290232739005;1,82219088775957
1,90372895251185;1,99625725100496;1,86428380106516;1,76588504627738;1,91495082262969;1,86299432838947;1,88846527577728;1,91434667400525;1,94618369670504;1,8934951436881;2,02868892207348;1,94277964991428;1,89139067295471;1,83637122728054;1,91786198529126;1,86077429005131;1,97008461542132;1,9786239923979;1,92399456731043;1,90298682638754;1,88575622458343;1,91259287895895;1,86019988701503;1,94265981670789;1,86907929977292;1,85642816816688;1,94990776592589;1,84235716392557;1,93082754673244;1,81325170637016;1,95733047113638;1,9163473772054;2,00211438489379;1,90897327227129;1,97267844120117;1,95614965470023;1,97522345791099;1,85987037947293;1,88858700487352;1,92253927831814;1,89946891723912;1,84642845607458;1,95360270073559;1,81133476529275;1,96662695995396;1,86353948578448;1,87961959529117;1,83478591422502;1,85722936587747;1,86317885585969;1,96477067664305;1,91127170431054;1,91343722871966;1,81032087455942;1,95385924087804;1,91537914577409;1,84468010847121;1,95054029902094;1,88944369107192;1,88850958115086;1,95509680093958;1,92911893290879;1,97483056883827;1,93596909548848;1,89130387471049;1,91537695687392;1,91174430103926;1,95966277426853;1,96530593287821;1,91781614159647;1,91068235992649;1,95071870938681;1,86661367407297;2,03711134514794;1,91912032298125;1,88747524052954;1,92648995091817;1,89912195305552;1,90750845223363;1,94323406969544;1,80596859873297;1,83182774167991;2,03105629943992;2,00227354659742;1,93860936164026;1,9113384446051;1,98381385188139;1,90968083960954;1,85062661438966;1,89490444600951;1,92588600267338;1,92380552944607;1,85602475607599;1,98961260037584;1,90106770604131;1,9137782981626;1,91462614525181;1,86061054040738;1,94828902825917;1,90829582223186
1,9242224826151;1,85220478110767;1,88399558753689;1,89002550179517;1,79801693808755;1,96254392893249;1,96222307462254;1,85489159977452;1,93522206382874;1,80256766619272;1,89347556390837;1,93485869578276;1,86901423829946;2,04163123656663;1,84845313047445;2,01557899060903;1,89816828497245;1,86022034297136;1,94845569441676;1,84634936844211;1,92245091846063;1,84062667028342;1,87360902329104;1,91557703034572;1,9523950978272;1,99261691176285;1,87196215975728;1,92203314194142;1,98279763314602;1,79334315175881;1,91347283058711;1,91234378532566;1,98076900612358;1,90078378494731;1,8610272179152;1,86622605731632;2,0127440660056;1,96608019388042;1,87853999105249;2,00346559969119;1,92504724449901;1,85550903357538;1,92123339197822;1,92394612200754;1,84283209254306;1,95957584908018;1,86833023038291;1,83282405655398;1,99888761003368;1,98156159543997;1,98529811255207;1,92944909508085;1,87003185741601;1,91205079379039;1,90468111978987;1,89831271126795;1,90487280864236;1,90603448657233;1,87310679696504;1,86445432818352;1,81707921877576;1,90089893407066;1,97615169052674;1,92219929375155;2,00884313191625;2,00791763909929;1,93961014122853;1,9835212305363;1,87625368648825;1,84619374059878;1,89256046405237;1,86930727860526;1,88174808150013;1,91275755023213;1,92245431103558;1,90505450897303;1,88028835204185;1,87796130404426;1,93967838629691;1,85424687473216;1,84205554931092;1,81809130463303;1,94050226163392;1,98633309203413;1,94520141197607;1,9779606449981;1,85520606945055;1,91217894005699;2,00085392405058;1,90936739976823;1,89571141841564;1,90148426420494;1,85004533689462;1,92944445984733;1,85878742996247;1,88048568864058;1,90754247881881;1,92875334599665;1,96210785236058;1,95986874820244
1,97090331027411;1,94958469588888;1,82681406807464;1,95012325590299;1,8934895627148;1,84857789945815;1,97486955684069;1,81885530151958;2,00250995453443;1,88955435726438;1,83216816582425;1,9413437022208;1,89051684162722;1,90526395360484;1,84300177984922;1,88908246028919;1,91082721899113;1,92690120747229;2,00404731506096;1,95888766163627;1,81720888398862;1,95125756875398;1,96707821577963;1,84313532351316;1,95313810430192;1,9434359472726;2,03341572650265;1,8739116925576;1,92155932313424;1,78555977988354;1,95212591977658;1,93575718923572;1,89209846829547;1,84039869087477;1,98825071210102;1,90852214154618;1,91550602811761;1,90867968535429;1,88815655854771;1,97962760511417;1,84711033599866;1,86769337821817;1,91699589144314;1,90730483529845;1,90274228948254;1,82693293965637;1,93260242069315;1,81803681859674;1,95514060310403;1,92279323248982;1,86940827046519;1,90105845363866;2,0077799123419;1,85720944053983;1,84710388216291;1,92262846770734;1,9003299382613;1,85392309955092;1,87040230084708;1,85792419073558;1,80314871463527;1,80265148219304;1,91923514930264;1,83400653902404;1,99025964437119;1,95899105702228;1,86045347365437;1,93671717718114;1,91490411149706;1,9221416061456;1,88058603298903;1,89049195125307;1,93220176285173;1,92700383662714;1,90757561228714;1,89956604733983;1,85541914143559;1,92499108729534;1,95137283314438;1,96240472922116;1,95416202712385;1,93520441249103;1,90356590583615;1,92308254611482;1,85331669848863;1,94414224925484;1,92861645838335;1,92140721035464;1,93765398827868;1,805106054782;1,91938532742552;1,92940145568486;1,94861861380535;1,87534340503043;1,87290849732967;1,97206397085235;1,8756872065447;1,89126143097756;1,91479794477919;1,99229653416065
1,95385893996977;1,83409853195106;1,90750093501942;1,95043335155554;1,864544212228;1,92553311252268;1,85179184311483;1,94223471212461;1,94233693932125;1,96366216707854;1,91430286696999;1,91460778893769;1,90558788531396;1,95996010364701;1,95270372428122;1,84897799501093;1,86825979025455;1,88547133268111;1,82280437091294;1,95036496388753;1,86200490525458;1,86055905661407;1,94099315169083;1,90465613369358;1,93880737440413;1,92434280836048;1,84804099719731;1,93788139092092;1,89597965332087;1,85156953753069;1,91967410936219;1,87115102820082;1,95178191837848;1,93522819768778;1,86107555456648;1,91504081287454;1,87441043833334;1,99502207602886;1,86655496181175;1,94998439631466;1,92012811708954;1,9795782238223;1,89470369265691;1,88313334538164;1,81941032780919;2,00845666093917;1,88753068548426;1,93359149190253;1,95976814308014;1,93870987693433;1,91821277085489;1,95851679736653;1,96140613713844;1,94376169619025;1,86336188978426;1,93638704298333;1,86796616385313;1,9121018774083;1,92322539586682;1,91389470515172;1,89906143699626;1,86953822050367;1,90266891571194;1,85101492338828;1,85406863633374;1,9309996640441;1,93173373162304;1,81298651864699;1,96242937599111;1,9084942011681;1,94876395337242;1,81048241876788;1,88107401420101;1,90730457983516;1,99939894475926;1,89698316814457;1,86252434301188;1,88425708600176;1,87338379243671;1,92146193257348;1,97373174566531;2,02332315738069;1,82582364871413;1,90944342760758;1,95132287945265;1,95416658199144;1,83651283491487;1,98945534813724;1,88368767349954;1,89108744093282;1,93103525274955;2,0186095540522;1,95988546696238;1,94642733199072;1,95215469596982;1,9449945544719;1,93372206168942;1,87054236965971;1,92797216093082;1,97014382595051
1,9757846872811;1,89614609823504;1,93523909890301;1,83021709496805;1,96620020985478;1,86845469022203;1,92949054431749;1,8672137046425;1,96126396876148;1,9488981019985;1,96212506742817;2,02486876843588;1,96600136069229;1,88597393380929;1,90588822281004;1,94221776198136;1,94497037801552;1,94491418282142;1,90496860727446;2,01965889905988;1,92233056573437;1,83419875388336;1,89632010861972;1,8887758296249;1,95291200717078;1,86998273961503;1,83478875627569;1,90876015056094;1,84532135444898;1,96260625078778;1,93947062054245;1,85055944789761;1,98317642691448;1,85008233433621;1,88949927919126;1,87551909305896;1,87727146532776;1,90775716136283;1,92844849673209;1,84975189314538;1,9017304640895;1,87717833253774;1,93020506242841;1,92568079382856;1,88700047903944;1,9224459762669;1,87829693410113;1,89794273475148;2,00721719820871;1,84035878980836;1,96271409958063;1,97033219894049;1,94341332721906;1,95863958983138;1,87377366564695;1,89137900109454;1,92947925781799;1,9595481818697;1,87823227718509;1,82333902716092;1,89399090188834;1,98784119301563;1,83556376612636;1,89713245129949;1,81117170395286;1,91796581165386;1,84037122207522;1,99288321755355;2,00565119395914;1,88745757082625;1,91912698742589;1,86800261944486;1,89351358675833;1,91357952675784;1,89494617395816;1,92502644415513;1,82613537142911;1,88372193800811;1,89931878787544;1,85784747300917;1,89043538205797;1,91330971198223;1,85766078844043;1,91020645055355;1,83890590860725;1,9605321244557;1,91869998914128;1,90672282633733;1,91900090820934;1,93694246349403;1,88397096811235;1,84708553145774;1,8370881316985;1,95878943486682;1,93558486616032;1,90006176389254;1,89492321173201;1,89970979524536;1,94515968915838;1,92430365955894
1,88264549215557;1,91234953663333;1,93354974384654;1,86065355486231;1,94489404809639;1,83195417165107;1,95660144513117;1,88653667653126;1,8494739689924;1,90805005301904;1,94968428239528;1,90878439300278;1,86115101901057;1,96721655750928;1,92386612876887;1,85159309029291;1,89594276718747;1,88860067597951;1,95241942890317;1,91492582402484;1,86200147047262;1,88878220133618;1,95986846604163;1,94070164502505;2,02738916701849;1,85335330414262;1,83429968213052;1,91443786066187;1,88744599432139;1,95540990347066;1,93864818550264;1,84301402937692;1,97884084995982;2,00730714724897;1,92533877896249;1,88955884532139;1,95315998609087;1,94409661773848;1,88054522198479;1,91334774944463;1,94432175265917;1,8951344175506;1,9086686259571;1,87468454471608;1,93810897503902;1,9045239160558;1,87686498791641;1,88111472020572;1,93699905077051;1,98419165569449;1,94512581939306;1,90031541900713;1,91164290864513;1,96847797853505;1,90405071252357;1,89288697892561;1,86099688967085;1,85381817103688;1,93340363408437;1,80905764846926;1,79341575386123;1,8966963810012;1,91083762762777;1,88841840099724;1,92600675494085;1,91987197518123;1,87170169204357;2,01652385663596;1,81866450295299;1,86129782869215;1,84593421274405;1,97928644722562;1,86437537463316;1,87082090208308;1,80134238043117;1,88376492782051;1,92408973224338;1,93855094390296;1,78675230497239;1,93948630780174;1,85020749811522;1,93628676362796;1,79063630395662;1,9412970905674;1,98459293347368;1,96283889041439;1,8819772611258;2,00835603532713;1,92619763521429;1,94472373614287;1,9589673039657;1,82390168308613;1,85912331086999;1,91301156350729;1,93580929639861;1,8762011801258;1,92476660827758;1,83204365286281;1,92612387905942;1,9250855202088
1,90582747665741;1,85555484977902;1,89967579079496;1,92160351818992;1,91940513415771;2,07788864998182;1,96494955101693;1,80796358387823;1,92251992246454;1,85874472788002;1,89063447173145;1,86905414551963;1,89775708831251;1,95151374521632;1,91358113342099;1,89267598654192;1,90542678004157;1,88204315864039;1,92053241029136;1,80252458724848;2,01693129584911;1,93516232874944;1,92240663709602;1,96041131726272;1,76665835244739;1,86171142264797;1,92725424927145;1,90870086919861;1,9242890757214;1,89509751548779;1,84866356073011;1,85567324654947;1,90564288393867;1,85138913321536;1,839678742898;1,9650816136328;1,94204948940862;1,89786839291385;1,82477608001241;1,91430042776718;1,90437155473736;1,87837516736514;1,95044306865157;1,8516172369846;1,96292423270417;1,83267675850079;1,88545524151378;1,90635416240069;1,9476174757912;1,91253279668579;1,83579969791923;1,89161476364675;1,90155528310066;1,8919364798107;1,90199803277332;1,87433971303618;1,84240711059372;1,92685983783648;1,92455340861998;1,89635639203917;1,98345180658483;1,92998179376987;1,98462460622645;1,92258973266826;1,91705928343021;1,92353289834735;1,90436125716199;1,97126315534104;1,83409515911456;1,9767310142109;1,94486886637413;1,93340270183889;1,75358728264856;2,00838498889375;1,82476153354245;1,91427462899191;1,87758933029547;1,82307410492841;1,85941432900298;1,83029301141885;1,95003473962755;1,87562640493612;1,90476297425407;1,89688090031087;1,91247722472479;1,89629573933661;1,91539374916899;1,90592382906428;1,92391516397659;1,93208850644778;1,81923770904354;1,82945551381256;1,91020752041067;1,96246800004949;1,85719653994877;1,94323591092124;1,87510455324814;1,92036469517635;1,90373428486018;1,89451497987321
1,89470775672432;1,94011520574688;1,87789399499349;1,87672305052404;1,89656646544038;1,87574397855966;1,88951235038033;2,01632057341036;1,96233046471459;1,90442602830407;1,86557374975155;1,87967105116869;1,88958870605765;1,90801690586343;1,85933766045411;1,89627301892455;1,84943473119359;1,85071243145665;1,96940514718376;1,95699129992213;1,96134544745843;1,91486886318199;1,84135747927219;1,91248905083077;1,86480064465002;1,861071398903;1,86888390521718;1,83274594124784;1,79707383448524;1,86217054172065;1,93766280163676;1,82847432698494;1,93417492945491;1,88443676346297;1,89344611522818;1,808862137272;1,87484006782934;1,97533694481898;2,03112360801896;1,90314294621856;1,9644052740102;1,93965717642453;1,81784600097782;1,83554463153476;1,86402690661186;1,87951923021545;1,97249263348432;1,82873469323845;1,95322233546353;1,97036283424428;1,90359282405556;1,91096929036627;1,98177832899336;1,99027072134658;1,91446937998732;1,93691217808283;1,92008787538907;1,94805795115942;1,97822793737687;1,87995880594983;1,85464211272936;1,97366948041904;1,87626246611029;1,99103969262664;1,8256969952125;1,85641032055698;2,01058456511349;1,89451339630818;1,9328940228239;1,96405124596983;1,87684107187655;1,95492753322444;1,79713993650788;1,91908724846377;1,88591621589655;1,8691995332743;1,95261268722376;1,91262966313478;1,87826223366108;1,91098874417334;1,87534824610312;2,04440838549914;1,83902964505288;1,81940828840924;1,89934184550254;1,93915088963097;1,8895134985223;1,844074511947;1,87531325150183;1,90385427166126;1,93331064651624;1,92868058014072;1,8681717121878;1,86564907922323;2,00020437163594;1,89557851274385;1,89124250088204;1,91324057235924;1,9287797532005;1,98323875693822
1,98311675633106;1,84913722615341;1,86817743459623;1,88005812154058;1,96994499801766;1,8317310311427;1,89165787567414;1,90155692944365;1,9897035557799;1,96463542907973;1,89864901335218;1,93801034174518;1,91135882293846;1,97439462345068;1,97717261343268;1,88950379923852;1,91489734777468;1,83198275447989;1,86474396055269;1,86723695426222;1,92563664565982;1,81983803696074;1,93721093785196;1,91998460420902;1,90707255961498;1,76783484730876;1,99031621395143;1,98160578193506;1,99473866966284;1,83875221329654;1,83782860772174;1,94521920275717;1,92613570215274;2,03321363360122;1,94173629062598;1,96984957140786;1,89543607146134;1,97458082220277;1,90063200245182;1,96711851325962;1,85110090033389;1,86360577643579;1,99033263142857;1,90440845348694;1,93753319287706;1,92186016257966;1,83863256725838;1,86023325464953;1,91405593177284;1,95269067952221;1,80870390193918;2,00797483165119;1,96820416316588;1,94429722272203;1,79337445808034;1,93946173790051;1,85201524536108;1,94426963570156;1,8292756230374;1,87352294833933;1,86942844400577;1,86470905091495;1,97870174331297;1,93423517696163;1,84957095680251;1,92811464778805;1,90736857006856;1,8401167092102;1,8643110695585;1,90660803753309;1,90479957417769;1,9456008521303;1,84380544977269;1,78161290282984;1,86290218236654;1,83889137596604;1,95340938595438;1,89834035252729;1,96173237346036;1,98540476199251;1,96681682235748;2,01733191842926;1,82545668101605;1,95746427187014;1,9474795925252;1,87571509221297;1,8988265380296;1,84701334264207;1,92137480840574;1,91506645246012;1,91525108677055;1,95839152032249;1,9459473222785;1,80874861425042;1,907883990163;1,88019798662724;1,93792090554197;1,95815861653395;1,94890212115603;1,93026436058641
2,0080642340652;1,8164854838295;1,86311893743565;1,91073032541417;1,81945529120473;1,78377014994666;1,79768480076424;1,85578740399466;1,99618446238314;1,91488927356129;1,96300179308639;1,90947401169671;1,9173875093646;1,90163974119219;1,91496974758122;1,8559152444271;1,82257445305725;1,90915507148316;1,86270757108578;1,88591782691006;1,87265115708613;1,94948219714291;1,91151563260263;1,84884473188614;1,88092832703245;1,87612596481062;1,96101610858592;1,91595800378526;1,88898176968548;1,86061476934275;1,89983767464331;1,89169626741017;1,87101747529981;1,98959772564386;1,8550716449753;1,84763796449744;1,87016374171397;1,90725367750352;1,89481982038104;1,90202850695576;1,86242985314648;1,88256859333194;1,88737915886224;1,8986350048214;1,84737932839792;1,89269525381493;1,96625619922088;1,89354392665795;1,83467292567986;1,85148046196826;1,8778015117333;1,96090668758183;1,85811085168246;1,97334193507219;1,94727276042196;1,84938092856464;1,86292582433837;1,93313258393046;1,98626997203236;1,94226960743535;1,92551822857354;1,9823191904827;1,87437747904919;1,94270367246254;1,92163154040171;1,87256097385873;1,87464510389361;1,86801147572284;1,82591000919855;1,94000431603777;1,83312456416906;1,91907296286808;2,01106446847352;1,97284097461426;1,90431115901873;1,94855839121001;1,90206542192886;1,93409006550367;1,92789625673695;1,90249002504915;1,9332559042836;1,97432136513294;1,9115008646191;1,86083268115065;1,98159645080977;1,95424139417067;1,79564485069173;1,98854649278084;1,93326515635828;1,86039098313723;1,86730490314409;1,92057143853721;1,87245823196724;1,91296478701326;1,82310472848453;1,87453007615557;1,86256042516722;1,91776586564607;1,86025347949247;1,98329665495421
1,95025152815628;1,93124669846223;1,96007972269153;1,89762814576756;1,88489259800808;1,87124067981541;1,89654857533332;1,92357671613022;1,90650492278628;1,87079911375365;1,92268983960126;1,84337580861735;1,81712704656433;1,80043624499819;1,91041853448396;1,96008995045689;1,95139143764096;1,87047848496421;1,86654563606887;1,8478351435916;1,9141488340933;2,0115093569012;1,94412920428435;1,94502685195174;1,84576713890022;1,9105804416941;1,91490869593526;1,97577645648762;2,02212179449659;1,89693534769361;1,89666866987425;1,98859800014785;1,90068629683476;1,87207065253498;1,91778406461141;1,86531484426821;1,89565867614435;1,83764571542566;1,83731014756277;1,88294391777945;1,88868563253155;1,90298007496414;1,88273338573808;1,86194639844573;2,00990565567422;1,9502090839943;1,89690112784449;1,88572416558538;1,93561812121697;1,90123610665508;1,92158816840903;1,83804824066611;2,01060042937443;1,86215816419061;1,90447300851033;1,88843110919982;1,80749201472519;1,8551743897411;1,96093112078289;1,99370558876019;1,83426265407725;1,88702330138296;1,87025740441355;1,85623094590987;1,84997507719745;1,96396556040475;1,88451179778946;1,91254980962181;1,85059103451373;1,8944363817485;1,91588852804756;1,98917183511599;1,87063025134224;1,8521057047108;1,94915143918071;1,87087851404671;1,92024527046914;1,94987678474028;1,86729857645177;1,91322375283028;1,81097882967566;1,89014096499481;1,95894950141958;1,85559739331314;1,97646164281448;1,88037639483733;1,89000749071228;1,89382337019938;1,96264025367177;1,84454534534316;1,8617230653608;1,93551687250152;1,88700194694736;1,82629348002944;1,94983098076866;2,01890534816698;1,91288568868182;1,91644481042279;1,992632235719;1,92628061781732
1,87993663072464;1,87166068674402;1,92134513126849;1,74482607951115;1,92223376446716;1,90543015227229;1,93454734665859;1,8868978570279;1,89711058903759;1,87777572998096;1,97761169436205;1,98087119511476;1,85983122885452;1,91124320133228;1,92704522427682;1,88052327683513;1,8940884167632;1,84166543151771;1,84679642407471;1,91086095087997;1,84386977122035;1,93311912330349;1,96288879635302;1,77204157639949;1,93676422178707;1,93430293258536;1,9232249682198;1,92764059816135;1,81932386973181;1,94987590999681;1,8908015160512;1,94687591494382;1,88599405563016;1,94200543976613;1,89204020763792;1,88472184227888;1,91755862514885;1,92283842041679;1,89585829972314;1,87829734117121;1,84471615299535;1,87315797935349;1,97575940360535;1,8437511994788;1,98317626462439;1,88403923366309;1,88449508707036;1,87838226520886;1,91043121920652;1,98172157681315;1,95980869447555;1,86929158463184;1,88527544210006;1,84374861782489;1,9136207892497;1,84357266141659;1,84398765116784;1,90080493271296;1,8862383150826;1,92808543118986;1,94174979863808;1,86461081978066;1,93045920594097;1,88084444137148;1,89749075321781;1,93082070182775;1,87179575507411;1,88964925707638;1,9269918403053;1,93743321700497;1,86550670667556;2,01235426682926;1,88127600354336;1,93377753107811;1,85444592157474;1,89230602406439;1,9158799652199;2,01571670237583;1,88449141616681;1,90490043878094;1,91709531290648;1,88265276936822;1,89526583796066;1,94709486548047;1,94568955518422;1,88850429545018;1,98075106670691;1,87461457280659;1,87773002251415;1,94199509049489;1,93554593291755;1,95272919030164;1,89295655279354;1,94924188175028;1,96057072632996;1,83836147339912;1,91654233412031;1,83584334742907;1,85918122168041;1,81994490892648
1,90881756454453;1,83896931607749;1,88559085359396;1,85777929510977;1,91919669290869;1,92859837986182;1,85708699565196;1,88857170962459;1,8731642684176;1,85247340978369;1,92721797099983;1,89355976086199;1,98946470161249;1,98109868595369;2,00399270918092;1,9353208881861;1,91258887302397;1,92231933132556;1,94093841744246;1,82543261702659;1,91451782670016;1,85895881080409;1,86309155733103;1,92661589365971;1,97669352802092;1,83028491481786;1,87723158862018;1,90304514883656;1,91342528895551;1,88782801270981;1,94712147312246;1,88459725691981;1,88134571234807;1,9306198056187;1,92737317353225;1,81228487196559;1,93295617906458;1,96946995291577;1,9561408954023;1,87871966354226;1,92200302236431;1,94272894091389;1,89873614702456;1,91961807389707;1,97415888726741;1,89846952925087;1,91398266899285;1,86876169370723;1,85238808402919;1,89866901452455;1,92050902774272;1,96568328649485;1,93670799747469;1,9276100378136;1,91006259752524;1,92098022851833;1,96016929423147;1,87067173119352;1,91074020408957;1,97793513293709;1,88744744978251;1,89447379394733;1,90005308550123;1,93441903149302;1,91806105350594;1,8387967740207;1,85932494652072;1,92881393621489;1,88037909130475;1,85470016846512;1,88755382826687;1,83450724206365;1,91919466529295;1,97373781935117;2,01903938363766;1,85099154374438;1,82213177950737;1,78118424192658;1,88577387588325;1,81997285946702;1,89661498585889;1,90146435307098;1,94579832349789;1,94633492808371;1,90050568125302;1,91504689890219;1,88658465842331;1,94011257331341;1,87478776751469;1,90376601665595;1,93894305626113;1,95531811273609;1,9387651641149;1,94546876149316;1,9109749634645;1,90308135615135;1,88168598096419;1,96062225126795;1,90028834750594;1,81427325908122
1,94311837592595;1,8304876723475;1,97819214876537;1,91672614808862;1,87256814755756;1,99222109632315;1,86982502735014;1,87887496743063;1,88447393413801;2,01412145170705;1,86166633413786;1,84063929956463;2,01603237289978;1,91536027961563;1,95988539873899;1,95708351777206;1,9836502084937;1,89137265767593;1,89818926622766;1,93586453743049;1,87983788359103;1,95759906243654;1,9183380359575;1,83317799024184;1,81377770618339;1,86605994707011;1,81694665205962;1,99112351094728;1,87374549075248;1,88310049893977;1,87472059186173;1,9101099353513;1,81669138072351;1,89450044806885;2,01513258026078;1,91808670571452;1,96043808490247;1,88466253440716;1,86816379778669;1,89498561793928;1,96527081690498;1,84416516536603;1,8731110936502;1,88379026708353;1,8218560252799;1,83932453270004;1,92370364078835;2,01480082493454;1,94267944515775;1,9599012212917;1,89071519190428;1,89856125080775;1,85282070575704;1,98258926199918;1,9833264553053;1,94884633565584;1,97463413083926;1,88417416966981;1,89440841764539;1,85875053281892;1,89468152889983;1,90706121925132;1,8775589188584;1,82736975681044;1,93452139042269;1,94190159990853;1,86205776393978;1,88210227063726;1,97347878092574;1,9222214732106;1,90627725238457;1,99665502138716;1,89507349099755;1,84451330988909;1,91124276624946;1,91164881177992;1,9957493047366;1,86415562366855;1,77518582371785;1,96770547729044;1,9077376621935;1,96071590154667;1,90123519072371;1,88871434744188;1,93302577449664;1,86609064166167;1,88013207554647;1,88453887855255;1,87986893003061;1,82301668288405;1,84002468783427;1,99534379385234;1,96134784561562;1,96350052383225;1,84120057894334;1,85384642659719;1,97463762417142;1,93867026129491;1,85768338698304;1,9191358576064
1,89796810223198;1,91861278363837;1,87452091490275;1,87518111425323;1,87890711769958;1,86785002447481;1,9667866220929;1,91980477653369;1,94175346332097;1,98828650276672;1,90105001260582;1,83653845081413;1,89639013676463;1,96594699436509;1,84649906776809;1,89339958306419;1,99838502405204;1,88650056293916;1,95810202721992;1,94441514279644;1,95390365279194;1,93598088183526;1,88675293625313;1,92899161682833;1,9075983983643;1,83577913467761;1,91860630371582;1,87066230171036;1,86980319856885;1,86698588708468;1,89653952299559;1,89402826761723;1,8485260547457;1,89711429745311;2,04337240738071;1,9676830764691;1,92994285553251;1,91533107813704;1,82931706744617;1,80423174867412;1,96658729681997;1,94018799255033;1,78265257355417;1,95812597357848;1,84711929586422;1,80080520003684;2,01032977264818;1,92283479025582;1,96250820699166;1,92261185879624;1,89637121593584;1,89860091141248;1,8740464554203;1,89606313918663;1,96902916227477;1,94185504803905;1,90747886105269;1,94520759972587;1,94896871484928;1,816347767277;1,92763629316042;1,86115408194864;1,87845071600468;1,92139742231848;1,91341927448919;1,9437580285819;1,83256561372629;1,94879564904795;1,87754069761098;1,93581354569392;1,9855419455607;1,99900949405362;1,96215448280106;1,79261792959722;1,91313050346842;1,83968820507676;1,95308501100806;1,8695641127232;1,94079964375851;1,96758444050026;1,90870599958112;1,86026331654125;1,94425974572161;1,8472800271513;1,86970965006924;1,90870508502148;1,87302036372462;1,88705905372179;1,92595150402091;1,86710307468111;1,82482032091343;1,87352969777303;1,90340863753575;1,89832023274033;1,88982071612159;1,93081348641668;1,9162312876509;1,92688265455179;1,93379697546354;1,91501711889257
1,85383867344092;1,94031156577792;2,00855715380207;1,95073775839164;1,91355036583349;1,85418147177593;1,98432013250955;1,83571344248464;1,8225526366451;1,99285256736115;1,87848912734388;2,01536295123948;1,84511157713593;1,97691799327762;1,92405590162515;1,91576582917843;1,96658546495791;1,92007200126386;1,90781126256556;1,85362451730678;1,95100530784972;1,87097383690861;1,89982785461738;1,88911117475518;1,91349882457223;1,80009723969259;1,88564310299063;1,94031955250404;1,83614178859442;1,93987676748107;1,86429811036193;1,85266817264817;1,77923738503042;1,9733744665453;1,88029061634418;1,91666485304493;1,93368864651696;1,9588558142482;1,93377198498128;1,8663481589224;1,99727662935428;1,93971033008755;1,85561129920158;1,84908872093591;1,93653996271557;1,89752501332841;1,94273341986097;1,94156095816345;1,8576357387067;1,91242452207022;1,85109780930289;1,92353713055243;1,97925000387923;1,87573487895841;1,84360666699798;1,93854725941;1,84949166985977;1,92090818355166;2,06397312985582;1,85617152236673;1,88508077034876;1,80849259184693;1,94493731328756;1,87923789553788;1,94815351200893;1,93896653123262;1,96575067601275;1,98054263297032;1,92826225382939;1,89340294253396;1,83106221904627;1,95777302591359;1,95786790556359;1,95801318166544;1,9670965270333;1,93328530050562;1,93932589963839;1,95068037988078;1,87063299387283;1,93890823377412;1,86769527640102;1,9371934728071;1,86342993888204;2,01431433225186;1,90141959186687;1,89878170108924;1,83757478581763;1,91138846688729;1,93175705501717;1,88891871451389;1,93124678046697;1,85956358819104;1,92169925372749;1,83325003243509;1,94345565487115;1,93321603899771;1,89106591710629;1,82724051540166;1,88674736570382;1,88168616741186
1,86752062895195;1,88905860508333;1,8661689462902;1,97061384074906;1,84378048327938;1,81352214788455;1,95929808885003;1,78491899542566;1,93036562388283;1,80534859626219;1,93699762928537;1,80204948287317;1,95488335660063;1,86116230260828;1,95010114496764;1,96915792458813;1,92452311851201;1,88249701898862;1,94570667175795;1,95695407305415;1,98140728231538;1,81116688737935;1,98612016149473;1,96328850794659;1,93308337923526;1,9377856565978;1,93414345180051;1,95179865602738;1,8257838181497;1,81925179687938;1,88404228516235;1,85141463115173;1,90081864195218;1,93567349851068;1,95467055311392;1,89206678707905;1,90864097874349;1,92943956086335;1,89136758397224;1,88398126534873;1,88120576841178;1,8996325593343;2,00373200099542;1,94238326099292;1,93543307240211;1,98477762488848;1,85424891993345;1,84382080439094;1,93964445582326;1,87341552891645;1,84918809628712;1,91114627990802;1,9158956858343;1,81237671828519;1,9418252401874;1,91177239090445;1,88896621404484;1,8865812118942;1,82697326158267;2,02558675334211;1,93431649705964;1,90164828493691;2,04073533281524;1,83935061317507;1,97328862168982;2,01807968016289;1,94487603721222;1,84980031045642;1,8710521349059;1,86620121826741;1,91220187633842;1,87148103753156;1,8466076413135;1,95290524492033;1,89093248709216;1,89294824307174;1,96465639052494;1,85451446171315;1,94731350395586;1,87815181384874;2,00881045620619;2,01603630238643;1,86037819721964;1,9436864292226;1,89514270320206;1,98644380157867;1,81990280534661;1,98917818240559;1,92234392005329;1,81107563811056;1,98124368587902;1,90421161949494;1,94316336202883;1,92785852511385;1,88946798630545;1,96049604750611;1,89797376499634;1,87961256058974;1,95007909846676;1,84644301834234
1,95892600619371;1,95894198275781;1,90450510090052;1,89731463283604;1,89487002647717;1,91752848927221;1,97236961000736;1,90086240908345;1,86550954496713;1,92557651080995;2,00038295516564;1,85361745615669;1,89972867696035;1,90217339139968;1,9348439523188;1,94770586352657;1,96964305179605;1,84490201153287;1,87616879814264;1,86902799284135;1,92202610209678;1,83713702180648;1,88477637513702;1,97752020399302;1,97546342999401;1,89932904829637;1,80283898156724;1,83864301866487;1,95409994840157;1,9635687431986;1,88808665653396;2,01415033326929;1,82124174459699;1,88123852060225;1,89863181228429;1,85092044174415;1,94785686845965;1,92735450577908;1,88609976653018;1,87297591665834;1,97586320925289;1,85404341392695;1,94091676768269;1,89281749239074;2,0106800069366;1,95142822494744;1,96153428776797;1,9513531133658;1,92484666946663;1,92441340140997;1,9664479407027;1,8360257796041;1,99135296361332;1,83756228190039;1,88632903875622;1,91049594517855;1,91919468918334;1,89363854240131;1,81549847544549;2,01804178895881;1,88866331494863;1,85059774889174;1,94917659177222;1,82577906940562;2,02198841145721;1,88992476646534;1,95994635463954;1,83123612722828;1,91797776323714;1,82015635525344;1,92768099617077;1,8112064992424;2,04674777395261;2,04861142725639;2,00786791526008;1,93948043502043;1,91176092494686;1,92511496121225;1,85053716791554;1,88829909292764;1,89635712919;1,88520752637834;1,90462244748341;1,91044054607212;2,01804643117829;1,88759976631158;1,86067167236933;1,91779353786568;1,89745429477113;1,88165292833203;1,91133319397964;1,90320501990651;1,8682398411171;1,9416238072736;1,90149174421772;1,95242774692085;1,97254478330968;1,90718835104668;1,92382220317158;1,87703465463547
1,88774229157322;1,90339964442273;1,86226637917931;1,93872856906839;2,00583732126763;1,87141860389173;1,88369809060631;1,92403568242699;1,98618400830897;1,90926365247163;1,86216839749871;1,84079095018985;1,99615316246374;1,84128862740937;1,91239341758512;1,91705630973499;1,92983084103837;1,90870511521513;1,86033115568415;1,88404823744835;1,94323846939587;1,85890350696881;1,9027418638433;1,81867781012544;1,86783954429498;1,94537945630703;1,893293689219;1,76792712420943;1,90915379006622;1,90860995144045;1,95947576515325;1,87462420569412;1,92698759318269;1,97577538812562;1,84730397110795;1,89090669829017;1,93274499842811;1,83432062869904;1,94323909904509;1,91408073830875;1,86048172294955;1,9482861656574;1,95781905989439;1,87188277781245;1,84093273791853;1,88534744784303;1,90098547635561;1,90188395852472;1,95260473717382;1,81662605362196;1,79862609972771;1,86126833348956;1,93682165389938;1,80805099349683;1,93260469625551;1,88838684210593;1,89186511240358;1,9504630744966;1,84354103122867;2,02540102713327;1,82816087450073;1,86404730702161;1,95920654271983;1,8519415393656;1,9074184712804;1,86746795353818;1,95985544729772;1,89459664921098;1,96096782945954;1,84545996209624;1,89203906232216;1,98382198511828;1,82767202874928;1,90940166154625;1,85311527131854;1,89545736367762;1,80389553582256;1,93278500912301;1,92132259968468;1,84619856645083;2,04230873919744;1,90549724843483;1,9049478313748;1,84337586420235;1,95252902902749;1,88531579248069;1,89465908620135;1,95121903521556;1,93948946799738;1,94999386014193;1,89919402539154;1,94055497820642;1,92465374345163;1,9133386369744;1,96063881939676;1,8482173871433;1,89691089366786;1,89124935547282;2,00546014508551;1,94177136656053
1,86534504853061;1,89169100154144;1,83898007007132;1,8964745595148;1,93302461243358;1,84703574949942;1,93629017814581;1,94231773573435;1,83736928745564;1,84540490238587;1,89084519445888;1,93574590105308;1,89118220224156;1,88563044230403;1,83772330047207;1,93501514423172;1,87678780438422;1,88877240877374;1,84042825735296;1,92189546170365;1,85210533533395;1,85406455126264;1,8261703482924;1,97941021106853;1,95921307451058;1,96302430411541;1,89644262646606;1,80520460408629;1,90947892335875;1,86401859692847;1,95873545536025;1,90318428037127;1,97754462685121;1,85248710945814;1,83949000331268;1,88922667909569;1,87645382980341;1,84271814911498;1,83302919323714;1,87607912359385;1,95746644298953;1,83679928843498;1,87623719299053;1,88015405737279;1,87141067072717;1,88535191405158;1,90755755437178;1,80064821981103;1,89413578797019;1,94855577328559;1,90321085580323;1,8719286368635;1,89187228818861;2,01665691843632;1,88263655199681;1,96472878810312;1,85768646758689;1,97175355231664;1,99080479693499;1,81172802897977;1,93121293351606;1,8406733424498;1,91706477860109;2,00769285652069;1,99953349122018;1,79538093984249;1,83291591202753;1,82224583703139;1,88733610758786;1,87134947134968;1,91687980729615;1,93112059495409;1,86757275555188;1,98629627793431;1,82588141375134;1,95509659599315;1,90352836992115;1,85760710740686;1,88167446407367;1,87942628950052;1,90092426673033;1,95063283844035;1,86216627983237;1,81666901713996;1,8719533304378;1,97316385047783;2,00293454550707;1,96830800114698;1,94768330277983;1,900181887147;1,95097540902071;1,94923904618654;1,91799123081607;1,88175277585708;1,9092333889326;1,9282188071929;1,93915152979278;1,89039166817195;1,86299593067809;1,95725294285124
1,85614634006597;1,94700718298229;1,90302346539648;1,89886918706618;1,90761442594263;1,82303496934241;1,94454450071492;1,87644082648884;1,90107000925606;1,87425239211213;1,88510621999819;1,91876164080756;1,93964018221756;1,8473531568587;1,95406891403208;1,86814070172447;1,8903331173485;1,97732509910066;1,82296235985603;1,94431685923985;1,93757966121846;1,92055713088522;1,91156220121223;1,90165392538852;1,9761893538026;2,00768261101419;1,95245061804162;1,82246189703014;1,88110710704694;1,8790046529609;1,8963064274385;1,91408055492729;1,9516421340056;1,99577406159913;2,0123409770441;1,91257089812383;1,87484566717998;1,87536372708682;1,8979706564034;1,88670880105709;1,91494124420972;1,9135933038664;1,9000992113522;1,96432311154852;1,83497784631184;1,8356815360334;1,93883371215486;1,83829627601376;1,88607688981988;1,88755359730932;1,78355372696019;1,87485563026489;1,89140663415243;1,91999398339968;1,93941789262923;1,88838310695767;1,91758178981311;1,99486704273828;1,95343358992597;1,92255285207392;1,91429399323633;1,81764076451695;1,91135527735629;1,95366519261493;1,89151994921454;1,88839057286695;1,96299499347651;1,83332983306786;1,91749332809846;1,90907999524663;1,82749525725961;1,90456751949406;1,86135694901644;1,91776652563343;1,85840166423709;1,95396184202829;1,84938630131445;1,84237972587788;1,9228130430379;1,90351862199535;1,85149647593025;1,9671426748929;1,95256929628387;1,88184408954505;1,87967428267711;1,87790151397229;1,88823730486651;1,94993595427035;1,84957549771129;1,9829251245565;2,03890340759931;1,92858901241826;1,81003447937253;1,85626942043658;1,93455652449175;1,97467369184551;1,92425533409014;1,93442929247695;1,86360696629171;1,88787073345126
1,93890871383212;1,85132819749312;1,87041112068335;1,84828393394151;1,82263155177148;1,91229782857955;1,8882420887446;1,88995370967585;1,87642103804679;1,92076544236433;1,89294960839371;1,87355476278275;1,93727615968369;1,92793934358977;1,85733922449162;1,89898854413731;1,96016123358648;1,99172018705477;1,92949765939913;1,94287285998804;1,90593016881454;1,97953846623141;1,89727524060505;1,91639710585239;1,95527539283786;1,91708485677209;1,86783126137347;1,94655646682246;1,88532365821453;1,95788003331053;1,88626506763182;1,93652732264216;1,90883775729675;1,87660888712869;1,91262505311712;1,90201997789412;1,98211937232414;1,90592571335783;1,95922688128092;1,97089077468139;1,8751914909672;1,92913396152821;1,95094898585713;2,01390101162525;1,85801614470286;1,90222427399031;1,91314133062579;1,8638793253825;1,90896952139732;1,89636826280733;1,93868241493099;1,89601287513935;1,95787867857022;1,93316628880644;1,87970628067781;1,87954538172349;1,89004283300873;1,97256737493913;1,91230958905034;1,91652822883493;1,94014540837122;1,86647193328013;1,95684715055247;1,88843309397608;1,97331177350857;1,86293248548461;2,02005791370542;1,9020475360862;1,91624125597213;1,83332370766626;1,7738176250707;2,04044115528216;1,88301143654678;1,91313332085931;1,91744860191886;1,97802241283429;1,84760196696766;1,96600585570917;1,85044907606532;2,01713133966037;1,81375238412137;1,88117208104401;1,86033513520218;1,9295845444564;1,92807708888284;1,86350976613938;2,02169133616857;1,98919363308065;1,86812888803484;1,94112099945974;1,89621316035853;1,84506418009455;1,8971577085558;1,87255205759908;1,87434528212254;1,84338636872539;1,91651953331423;1,98322194048779;1,92086245131493;1,94689685093226
1,92421754693775;1,93793411753748;1,93076620604694;1,93716482134383;1,83555895567087;1,86383621782341;1,91206309492237;1,87914792527311;1,87849346292567;1,89535704464057;1,84459586096462;1,90886791081238;1,91022586994294;1,84764697573003;1,81136014662787;2,01563636483637;1,87975414275996;1,88315420996485;1,89869441472518;1,86827707910961;1,78720205860808;1,89972161157368;1,92346372223362;1,82840567875136;1,96572316534518;1,89744123031106;1,824217876078;1,9505055730175;1,82229755687128;1,94222052968979;1,85776197277954;1,89760957718659;1,87723334170687;1,94806468730315;1,94447731160104;1,96348173710901;1,88345026778079;1,95784280127516;1,95387874618802;1,8953640862373;1,87216018560979;1,88183946354242;1,93616501224908;1,90477707041256;1,83649754467651;1,90583426081407;1,92860652064597;1,92135772906921;1,9600067349566;1,88321534225001;1,89873774441061;1,98252920084325;1,84721370887016;1,94463221354422;1,98820208948506;1,92499008032012;1,83646824678303;1,88121522708387;1,99942620081642;1,88270176159483;1,95672665269702;1,93468530659742;1,94591347124688;1,9193636483174;1,95850058408792;1,91592281593598;1,865834921764;1,90998430074175;1,75322960616499;1,8753098037121;1,95786434680787;1,87640210369852;1,86702300600278;1,97733304892569;1,85860008565266;1,9952318862536;1,88914788058758;1,88016511696908;1,95694176579399;1,86094740207638;1,96138071340313;1,95477715402613;1,85560813280236;1,9188136017889;1,9845991832566;1,83448863697271;1,8431187287895;1,97003247964593;1,93385626368834;1,96237096787054;1,9074873666036;1,84527836130848;1,86287712274793;1,84970659726101;1,93205786921785;1,86257357624736;1,90868761552381;1,90147958636241;1,91264615438745;1,88290367022909
1,91309433644471;1,9464395506643;1,82019676249849;1,942045945997;1,88229696593465;1,87350598716014;1,82840632158196;1,905079103807;1,87410496598442;1,99175153245093;1,89837394163697;1,92295225382628;1,88183526674778;1,87945740530305;1,94714383468961;1,9244264737706;2,04291041653281;1,90874407759004;1,90854388367391;1,87377654563734;1,88252072710166;1,87500667690172;1,91835715350846;1,95905308302474;1,88195771156155;1,89079852074969;1,91912736547501;1,85827983573927;1,93620298781952;1,88090946384467;1,89366741578572;1,92438591553364;1,88370644563917;1,89200523304453;1,88994237943437;1,88294716089455;1,88297623514345;1,8433856256149;1,97611395344854;1,87657104651714;1,81612806844255;1,85397900364447;1,96216996073284;1,9411542062803;1,86514885328049;1,88581775964995;1,84799301882255;1,89521187148558;1,86540366463263;1,83880049182059;1,93737248235892;1,87225544637675;1,84307813747157;1,9611309563204;1,95923916478695;1,93381267702717;1,84544763219756;1,84870119534533;1,85448462921278;1,8889946209365;1,92906104738141;1,94400280838086;1,81312634742437;1,9086165147556;1,91575824262945;2,01079672206901;1,83596669196321;1,82820468883954;1,96062430598677;1,86405610511247;1,79771165275659;1,90048038456438;1,91942295120252;1,9820877390525;1,87611865570691;1,98765314623101;1,91603547232723;1,91960412452977;1,94858671931157;1,84453469366916;1,9049257424908;1,85827440742473;1,91980357688634;1,88579789125312;1,8366080279719;1,89268120733745;1,83029647256808;1,9016213032319;1,87455240154805;1,92153538393153;2,00825826495085;1,92075983917392;1,88361759279945;1,87421040362121;1,93950696498573;1,90492850054887;1,90054051592776;2,00580131158625;1,91847629129606;1,89891041126878
1,96796170684389;1,95037380980982;1,96759747972949;1,98204206525056;1,86516846183974;1,91788124032449;1,86606804599077;1,85464647848378;1,94028829485081;1,87848210851807;1,90480687195722;1,921859336515;1,89554859975159;1,90047255991873;1,92380324228045;1,97324157554433;1,92646171360607;1,88000714262984;1,8396621295113;1,85025902054751;1,92432553289025;1,9306034429799;1,92506223446157;2,03982533944587;1,91610191718773;1,93830348556418;1,87759287643485;1,87886184235352;1,87606290133608;1,88842121138201;1,86289703942201;1,96926692396803;1,84453426893476;1,89171670344884;1,95450817301344;1,97981507936062;1,87667395769854;1,87327918306998;1,90126028776236;1,89017633277495;1,92972550764837;1,9051028151724;1,92457754647529;1,87362779401892;1,85134174062876;1,8573614608016;1,96002912377327;1,89329772909248;1,89130826454227;1,89021504761337;1,99613882213683;1,88238014992289;1,87917200073416;1,96314120348263;1,93142020999919;1,95532398460788;1,92736126913142;1,92520343894808;1,830358395197;1,88435298582209;1,84374838958482;1,9355392207185;1,91942631244669;1,95027901032296;1,82761789961985;1,84674341196794;1,86493329396974;1,87122806603004;1,92281409526123;1,90400542278514;1,9052305615758;1,84035325132097;1,90025098758944;1,89392973120088;1,80556508289508;1,89264870549715;1,89237806188518;1,89977738809685;1,87090431287314;1,90268961050432;1,93686700430978;1,90169503141888;1,95322847380644;1,8799088723249;1,92433241956266;1,92628422731384;1,97308943782912;1,94018443910265;1,84381097785765;1,94993069858084;1,96518403951721;1,8171780354138;1,88567548192198;1,95619951835393;1,94918501631612;1,89225453411084;1,84294556146473;1,923915012868;1,81516706741537;1,82849447798931
1,89923224767872;1,90148027170529;1,87123917766225;1,9097872702228;1,93596805191903;1,97373882662328;1,8605930769315;1,93192614892457;1,92380318041973;1,81069839480608;1,91880274680163;1,91162344101745;1,85578407334978;1,84716130535996;1,88650182973328;1,9356978670016;1,9575462312529;1,98311008810303;1,92116065675148;1,88637595180502;1,86829989546266;1,90871537522216;1,98768439435163;1,92435413607209;1,90896732837158;1,87487605879851;1,8262813259655;1,88612375960964;1,93608375856678;1,90528263250736;1,93138088862364;1,85880169790188;1,98410238008764;1,95233701769772;1,91691274139113;1,86620334972264;1,97595314461505;1,96265900275641;1,92191964603395;1,94569285301024;1,92097791954305;1,90908537214055;1,95912153635078;1,97117716905713;1,96856769541705;1,93080625278266;1,91066703803841;1,85812535407571;1,94466220076459;1,91306622492376;1,9231456571679;1,90816533591251;1,91130787085469;1,81134609237293;1,99591755806652;1,87371140420295;1,93344005847148;1,847173519601;1,84386663429565;1,90298030743253;1,87532313501864;1,85773752590211;1,89365810895149;1,90463056483519;1,90451144084718;1,89235070375082;1,88453784730663;1,9084574968596;1,85805375961484;2,00192463089624;1,8270824665104;1,91410711413846;1,92233273730385;1,95761494331539;1,88542877985764;1,87410526785644;1,97936110979989;1,79591466162638;1,81213056857235;1,97803256770854;1,90505778260966;1,89302751444669;1,88858710246401;1,8247870845904;1,85739236831734;1,92691532294762;1,86198030091326;1,82671516218002;1,82460143686639;1,9741809121793;1,87175062319687;1,9561896850441;1,84194604919309;1,93940373006453;1,93237528562983;1,94897920874778;1,88753120315554;1,85753802802586;1,85080551908302;1,91184857556211
1,91948771023137;1,85150962698392;1,9111451056683;1,94371292034997;1,84101299064057;1,873013363922;1,96134980991364;1,90817576432661;1,84529470382353;1,95655762601974;1,88092285721151;1,93353768655291;1,86981935145665;1,91101687015133;1,90362393553634;1,93427371646307;1,8472547074687;1,9115303982031;1,83238172162968;1,94051697886642;1,94693366476747;1,87452733056545;1,90189210208955;1,99625542647835;1,89455064661781;1,8642225124333;1,90598789771437;1,90836195380307;1,82764613440892;1,92785440310909;1,89016054352509;1,91302588277827;1,92370153127684;1,87672664695662;1,88468825508482;1,7641718535651;1,8995168465783;1,8670818703347;1,86486420136584;1,90866499666916;1,93680079247339;1,92729529465011;1,82373210133528;1,97385147720824;1,95423964982163;1,9044223776932;1,89276619056017;1,79733536328094;2,04333409842389;1,89943216276094;1,9598508521866;1,93243591221158;1,93348764069186;1,83293092883664;1,80757771770798;1,95474903362542;1,87838058149144;1,97973012238531;1,96297474837557;1,94699845533695;1,90561949586498;1,99190754004014;1,9217472600063;1,79936867806064;1,85840650670207;1,81224541054024;1,88250758558544;1,97151354908456;1,99010751961765;1,91167647779644;1,78420746691975;1,90963570699277;1,88675438335878;1,88253673583612;1,921607238854;1,87005614898777;1,89328543201941;1,84191537685905;1,91334112046258;1,9142114868299;1,92106077763785;1,84832529320523;1,92005562421966;1,92633383349605;1,87841164544775;1,83799490100264;1,85574057652683;1,82404223396166;1,90621701098548;1,93554573757016;1,8658068009583;1,89055521469996;1,8333223031433;1,89269454057716;1,897790317679;1,91927708516447;1,87685244955356;1,95240676914327;1,88763383210964;1,86230893295442
1,79779312575513;1,91528189984553;1,91506002051028;1,91609150739123;1,91283118756965;1,9122963660835;1,94957041557627;1,95032835155908;1,93551713184493;1,91598139903707;1,85445959669303;1,88464406546101;1,84922393248456;1,86916366911455;1,92674062387615;1,92181931214595;1,9051676676491;1,97906214862758;1,88823361948932;1,83480613816847;1,90631951502882;2,02229516422423;1,85331265749527;1,86279816599206;1,81219783353309;1,93569468429363;1,83365233151406;1,87439351218763;1,90691945455603;1,90287942958953;1,91451935678972;1,91491382172293;1,96247956230086;1,84896012234212;1,87874921720566;1,90215075964899;1,92576580329493;1,95384883103846;1,88106873685414;1,90584039123755;1,94775555397128;1,9099212805361;1,97892169754493;1,85885372665628;1,91680403703806;1,99288181347963;1,90549262177636;1,93810906703746;1,91622125625831;1,83686431747343;1,88357192457541;1,94555671980494;1,85630376993562;1,88779246487052;1,96750250671567;1,87788859416943;1,8795256051368;1,92438920963925;1,9430550588531;1,89841637335741;1,98249660961671;1,920012766273;1,95570288244345;1,86570996311804;1,92680867872548;1,8690644348224;1,88142378866377;1,84718527613658;1,92549704468251;1,91749588886536;1,9204754513148;1,90683587392515;1,84527058773283;1,95277560526825;1,87888320708494;1,8911881074198;1,95273456130041;1,87777328234614;1,86101684311015;1,83590661154002;1,82161005250602;1,90268044241692;1,82683138845977;1,86480524946009;1,90543796726254;1,82536948871664;1,89320045992509;1,79705469745457;1,88651395360947;2,08338597603274;1,87746733102253;1,93153337935267;1,87043503668597;1,9856908647064;1,82493518981642;1,9296461677199;1,87640295930662;1,96579769107817;1,90356885763186;1,869516826977
1,92022914600111;1,91743096592278;1,95567189456341;1,83949010556032;1,87833237267401;1,79148339576939;1,95865886645815;1,92257918082444;1,79747988908825;1,89511440243444;1,99077013297462;1,88647400206737;1,89348599361634;1,93145734786342;1,96831292917224;1,93446669333828;1,8185282550661;1,87885749939397;1,87983369056995;1,91694339362446;1,94198058135524;1,89265900439432;1,93468396900034;2,01368139508915;1,96802283774788;1,9182195239692;1,86824836928899;1,88318024488874;1,95142625228362;1,86780731413882;1,95684131852725;1,81730886013234;1,94131840389647;1,90545495651138;1,90594017306487;1,92502988288809;1,93187648290111;1,96293119667358;1,97937537282119;1,93668098190467;1,87660639657729;1,88660804868046;1,81209145506323;1,79750067544384;1,90910090986725;1,94963380319437;1,82513408475656;1,86023806518392;1,78552159153661;1,93602345210817;1,93683056353;1,94828405661587;1,99712134764448;1,90774669166356;1,98026873166189;1,85145244124558;1,84702387513015;1,84506325342846;1,90514865752857;1,96266185845083;1,9602860447211;1,95265117226701;1,92635293171996;1,88756392215405;1,94675183949041;1,90469241454327;1,99273612077525;1,88267464395678;1,87807541832597;1,8891794418402;1,8325728781913;1,91829612525159;1,86768673792487;1,99527921559318;2,00304289982462;1,9017843200972;1,83745735521441;1,87771049783809;1,92026082696203;1,9209963083358;1,94891037336884;1,83759215244463;1,87597118500971;1,96138362832393;1,80893864886102;1,94580035198095;1,90907891901304;1,96010982685129;1,91228031564522;1,90027851229445;2,01235274685535;1,91617033030252;1,89212210948162;1,92506337091189;1,98993286829756;1,93664795516247;1,89758946707486;1,91181846661074;1,90018048163749;1,89859071638508
1,9335997455264;1,94777473740046;1,87743666244906;1,89574072431801;1,90691494462247;1,88772567923862;1,82049353526706;1,97371611783247;1,86060164452058;1,87720745933281;1,9612017027619;1,91077844110704;1,92005191026486;1,89634006843831;1,92822538955545;1,96566324002694;1,95800339949109;1,92079079313801;1,93610822624648;1,95541733786033;1,89262584701127;1,92080497824273;1,86072257895154;1,94015282889161;1,94781441626872;1,98688739001782;1,89585983326705;1,9198562944611;1,86129060513263;1,87043587770475;1,91581969695949;1,92568817404429;1,91044841728614;1,8793107484447;1,8550710959558;1,94123550184725;1,79826015561351;1,87129607680244;1,88710762312598;1,96622188470183;1,84875047420027;1,83442947328816;1,96710209458517;1,95443926857027;1,9924468057754;1,92736021235126;1,9647644315276;1,90828521217859;1,91996815107926;1,84512560055664;1,9366028970845;1,95055057402907;1,9018988118146;1,90429268301838;1,92325776129021;1,85768384095907;1,86916320980744;1,92183217653761;1,93105459847294;1,8562002673638;1,8958309628201;1,86262076136819;1,82905087020412;1,87125222742562;1,96183135816493;1,89387844221191;1,91193658536001;1,8346926952606;1,89872595254896;1,88285204053038;2,03457927795295;1,85176593617735;1,8864060587319;1,85165678147934;1,85417227233587;1,98675704429198;1,89535344906073;1,87511936582251;1,88151387897949;1,84000621751471;1,86718371280463;1,88902910319357;1,96561836010972;1,82710281351378;1,86564528508427;1,91048006902982;1,84429620222439;1,84106807688691;1,91396009958539;1,96434541756762;1,8720848641722;1,84866331148646;1,98895338153409;1,90558691886968;1,91652991414088;1,94783359110774;1,82025956422283;1,91178397466275;1,88330601330886;1,82580694979868
1,93778832976685;1,85705548768167;1,87581693502727;1,90115816777959;1,96953468054464;1,87745403269652;1,92956715462135;1,87546839799712;1,91400968713794;1,90924554702177;1,87540978727699;1,90270341805725;1,91897148494028;1,96305013998416;1,89469201977429;1,98029798936075;1,99778230418677;1,93004917482126;1,8461648818401;1,91744265315124;1,89217564549637;1,87635364209715;1,90306940062987;1,96792907541356;1,8370470597534;1,86795718005052;1,95354905868711;1,90723296308438;1,89622008676269;1,93968245415375;1,85691270083154;1,93839372567221;1,94759151191197;1,92717541989601;1,87382599815664;1,89298629218949;1,83921917022271;1,91738481225722;1,90225779253264;1,97249706132474;1,88443087996986;1,96337338294995;1,88829582551717;1,85711308349542;1,80116269203333;1,90025906594438;1,9395000963053;1,89238239857428;1,95018624792725;1,84904685075183;1,93755296374178;1,85077554656592;1,97604144484948;1,87307865346688;2,02426193497646;1,96921220379089;1,82696496600313;1,94613136047969;1,93110612495951;1,91593002827041;1,87794463869832;1,87434212894766;1,89443174324845;1,93686117186497;1,92877494877744;1,93801635164322;1,87303824975217;1,91482081132999;1,91558046795439;1,94747482631002;1,92889656960495;1,85497451581628;1,86909594767532;1,9818113916542;1,85644863331062;1,84992950411086;1,86964728990338;1,84641876869101;1,84589202738107;1,89692110134695;1,98177147374144;1,82293368436379;1,88891738489902;1,83438149529177;1,84241711526784;1,91365880161641;1,93773672381471;1,85023997190563;1,98083775226312;1,91115169984943;1,88873029121074;1,81983273448938;1,89239732439968;1,93080335227912;1,92178244390065;1,81601341193099;1,97205807501997;1,88275581078146;1,98289020252688;1,89555275176485
1,97205750955741;1,86526296140766;1,88254000839473;1,91465572183799;1,94058133033216;1,91313222611436;1,88726388412691;1,97041191717688;1,94682906413768;1,89269810898565;1,90821079967442;1,94036825319938;1,90435934162953;1,95484530286508;1,84024953728941;1,93964752063867;1,85350331862453;1,89377610287997;1,93426109687079;1,93740107955864;1,85025633132313;1,86491933210812;1,92700985643996;1,88923721663748;1,88246561890725;1,9731069830833;1,86548321012888;1,91468280453757;1,96935259740103;1,98073692139666;1,94125102491384;1,89531292568711;1,84185498393691;1,88457805680449;1,95081575795809;1,97095644651697;1,82831592804344;1,80219713906653;1,87422204830315;1,89959886088936;1,95581659899296;1,89116598084704;1,97886958086598;1,9519207270845;1,90032104687321;2,02112387990525;1,86675719479652;1,89471154741671;1,91669533401489;1,91292672288253;1,91504246371021;1,88552039320583;1,9468715945765;1,89033826329946;1,96331910121847;1,87825787673216;1,82755887973701;1,80152462306833;1,81606169410546;1,91492692168697;1,93347316248502;1,93261288543269;1,84901846958092;1,91420179365694;1,93715901266134;1,8529994241523;1,9367033202843;1,9081559490419;1,99984132297111;1,85618931049556;1,91065810418358;1,92150011033565;1,86845779251136;1,98164591835844;1,95207568832084;1,93059694307796;1,88202685637334;1,85321739981299;2,01054720101347;1,87509889098202;1,94934653697994;1,95383876312122;1,95575576573305;1,87245268916088;1,86969753774298;1,99677934331593;1,97619203375876;1,93851719635118;1,87722243605846;1,91888385102074;1,91637770332216;1,83193107365844;2,00618576381207;1,89653871428533;1,90364504862246;1,92290195566925;1,87100016792675;1,90364899094582;1,87842025841891;1,89752748999079
1,89752152250075;1,93156557653887;1,88211450646963;1,8924368086792;1,93930195913278;1,81435763767155;1,82062714403594;1,89973388924276;1,90980696526794;1,93156849822864;1,90371730884242;1,95765867652706;1,95662767839554;1,95614700133827;1,8830379109591;1,87449562004194;1,92580531798622;1,96574218460913;1,84494583789766;1,93309876760292;1,89587002386339;1,91462111103127;1,92043852192979;1,86410337668293;1,89332963948674;1,93922027882632;1,90248305446213;1,98465223337679;1,94753773118349;1,81370516896534;1,79024279994176;1,92767507302498;1,79644207058685;1,84542088244327;1,92325318793851;1,89370683971685;1,91564579276773;1,93621480822964;1,96004713299029;1,93237462081036;1,92915403430975;1,90438042822363;1,9490239685644;1,94554549978641;1,89052319817933;1,85290848048361;1,87258896778652;1,92354057057301;1,86735329577053;1,84212111073281;2,00741643125661;1,92454186965193;1,92258239773666;1,86176239163018;1,96292885386485;1,98137374443698;1,96648044726956;1,8585946340636;1,83322642064001;1,93976411331035;1,87775733021228;1,92483712124807;1,94416029572584;1,95052355685378;1,8344634309096;1,87315683674082;1,8531763437783;1,98676601555969;1,87185857716683;1,91697339291458;1,86247591191914;1,92084343647275;1,96726990050293;1,8312184073677;1,92155195588563;1,89367896952961;1,95235412137465;1,91700494768444;1,87158795418201;1,85362210782976;1,94083019556751;1,96080348240955;1,80758905441014;1,98347692267;1,89706452794727;1,88663075478652;1,90832923838683;1,85931984316316;2,02743887998205;1,86639238023635;1,82887623785442;1,8927270616779;1,94717271264317;1,87929369700298;1,88341111203387;1,95238837808244;1,92619786837945;1,93545205359316;1,93298705256336;2,02796149631724
1,86184614287244;1,85783395125359;1,85971606635343;1,92020004172686;1,84188941643057;1,97172973394142;1,8670477553721;1,91377330095431;1,82422532051093;1,8984170552148;1,94004117132656;1,8993972220581;1,88952341629978;1,93157494783593;1,8437947853315;1,94552025907501;1,91902473231133;1,95984272833437;1,78583927801731;1,9082070677163;1,98060305855678;1,93549587367347;1,93962813712749;1,93424365896001;1,88693165040576;1,95861650758006;1,94949339256162;1,86177345539506;1,88099444063436;1,89409049225882;1,88749879721936;1,88378086152636;1,85286936961595;1,98009542378259;1,83640341224655;1,94368162788107;1,89391508208177;1,86487574800901;1,84750979214491;1,83687823646127;1,95043071527341;1,87405984423404;1,87788940347143;1,86052357682167;1,87730521169459;1,96396606305776;1,81065098319526;1,90938404591534;1,91620223249702;1,93337565742784;1,95206606018287;1,86179391214411;1,90377511128519;1,85607745382776;1,86025886120482;1,82577387183117;1,92719537645094;1,82751990682996;1,9235328786286;1,87564306020721;1,87922774561757;1,91949846842297;1,8956171210377;1,96888274981272;1,90360952210783;1,95180061795145;1,8827521699343;1,98467984427323;1,80452997832356;1,96364052897633;1,93531639161694;1,84223735033208;1,81721163624266;1,91190998533417;1,88093455029623;1,89377516219321;1,88354686112118;1,89626796345264;1,92524482382099;1,97152949157636;1,90194169722712;1,97533127012915;1,99423050536939;1,87203040870046;1,96171334579587;1,91407125564547;1,96748364806822;1,71705506225367;1,83786466878114;1,99598784992017;1,90564604978631;1,81087328017806;1,95910518441811;1,78929486591396;2,03227382731563;1,77137429948687;1,93623076800852;1,87993755393239;1,90562947381003;1,82335176045712
1,9534173266664;1,90812104691852;1,91431020954302;1,88042703736691;1,93355819425476;1,90361650225206;1,95515718226505;1,90476469321068;1,83025825400114;1,89795979035165;1,87228784176105;1,88801777280968;1,84015492468932;1,9411230271649;1,88643973878091;1,85423824213849;1,85115012123074;1,92301366144116;1,82977871510634;1,91057164657403;1,93123307088241;1,91808634561829;1,9969731732531;1,95820497868121;1,83069550986567;1,90072791858432;1,91792379065963;1,80337937529652;1,98607434031431;1,89853351158756;1,85677532613045;1,92556329222819;1,85592089387619;1,90982271119739;1,98353796050481;1,8687037070125;1,82540638417358;1,93931185780924;1,91837768019959;1,96662397170204;2,02154139123806;1,88966389836925;1,910879309529;1,95309092800846;1,85825458274209;1,93569123620615;1,9005451944451;1,95904542738343;1,90050546228345;1,9434972116246;1,85182075898525;1,90425800791969;1,97621396390816;1,86240119800302;1,9118682876932;1,92496448675848;1,93696801139321;1,8843613843365;1,95299203299182;1,93117104386023;1,89843198643548;1,83851735752767;1,89597221782499;1,88035071544164;1,90152311475189;1,95537367243808;1,92893721842267;1,93398562547734;1,97677255772673;1,84657593982589;1,96579050970465;1,86408066260791;1,96986840528958;1,94506213982655;1,90295569461194;1,99253036259698;1,93918382343277;1,78469911165836;1,89551247211239;1,97255392237241;1,82275679715605;1,89372974321972;1,93102004741309;1,97639658475229;1,94926448460103;1,96393393614383;1,94162462294449;1,95652289144536;1,98992670963574;1,81082434236889;1,91633762006044;1,90674311276495;1,94235150133956;1,91006950410802;1,86892186199297;2,01726586407831;1,88821435935588;1,81489597554052;1,88139237349722;1,85241327298665
1,85477000663036;1,95985608357562;1,89359795277707;1,94164202454893;1,9267697028867;1,87438683117192;1,83478351531083;1,97937287821175;1,88586619243705;2,0157385369992;1,94376578954406;1,88171527844942;1,860632039346;1,82039572941844;1,95002567313795;1,85888490201249;1,90153362739523;1,81980474989634;1,98742133767002;1,94004161515465;1,9021928690506;1,95888774009683;1,91209118254543;1,91859026701662;1,91192614137508;1,88272851529557;1,92644949849471;1,87336621137626;1,85785503678381;1,86086690470642;1,93170489199102;1,88161740813053;1,85356527743334;1,93157107361792;1,98573192939176;1,9076698798797;1,85549123358406;1,86370391569137;1,83321831780436;1,88497210840021;1,99015795895742;1,90279854948867;1,85397682096039;1,97194747998219;1,85582032755196;1,88129038171226;1,91316146142774;1,88371885385341;1,95279994230871;1,83404421088935;1,81561397362317;1,91094401625366;1,85758083743404;1,87325786692772;1,82443695572891;1,84978831770303;1,95582551962671;1,89160504829625;1,94155554053989;1,95689356455764;1,80415742097213;1,92438900776842;1,98477060980553;1,97798208993604;1,92751523578787;1,85224759797621;1,8759890483834;1,91907609536857;1,88024959727444;1,90258874705719;1,93579929584674;1,88195910560962;1,88672413307323;1,87276193119137;1,95027227803214;1,88623940113766;1,88520374663562;1,98437830750759;1,9396998321465;1,87507587589444;1,88985000844818;1,88044577648258;1,85022711889455;1,94644824345452;2,01871541517284;1,91663567623218;1,95114420966111;1,90019243804035;1,87999579261226;1,94290154747742;2,00497634192904;1,78412733514861;1,8921095104452;1,87418012537647;2,00147656686714;1,88179952559619;1,85989169616182;1,90642885530125;1,81272984713769;1,8312178223975
1,82571399431372;1,97077147832115;1,90713543697568;1,83176759835586;1,89881401790144;1,94386097497355;1,83865251726323;1,96160175908631;1,97473662562304;1,80934065303756;1,94198698243024;1,89060486872246;1,8151338755571;1,90762839254005;1,90381734167935;1,8904617137413;1,96486238797195;1,87469802728926;1,87903458576596;1,9463715215727;2,00816845080729;1,86485113550633;1,93544911951723;1,85847330587849;1,92848210665918;1,91025983558219;1,83675784588826;1,98217616538332;1,9381683010785;1,89073805334305;1,96596975873282;1,87491718069142;1,88601541279386;1,87956710958134;1,92907041289134;2,02191774003185;1,85657826861661;1,96090516859199;1,91199126815301;1,92613698898691;2,00327270229134;1,95765168657238;1,88276413852784;1,85690310996853;1,95264468988997;1,83007936016206;1,87162894903342;2,00957219559981;1,88016424854131;1,93072679907335;1,98767696373473;1,82623480495161;1,91435834658248;1,89900403972445;1,91491478895316;1,93653084519691;1,8221328190441;1,92818926194086;1,87095736244592;1,90895377328532;1,93913616043413;1,88369261964962;1,88568717304012;1,85847518822635;1,88808582505102;1,93519213185591;1,87686982666962;1,93742891859181;1,88049340349899;1,88314937100043;1,80521170602263;1,9390215090176;1,88330477725116;1,88558817440261;1,86108593328659;1,87049991691613;1,90569113229972;1,82482039046138;1,82617685644511;2,00804676896337;1,92335475342349;1,81698099139094;1,84904482748096;1,89178078753251;1,94471555043007;1,89121624615111;1,84494751356867;1,90640227722183;1,93517423770332;1,93270636504122;1,96448983306039;1,94837495454559;1,97297710030567;1,88051346988677;1,9329921519765;1,8963425313875;1,8941421576276;1,93821739201064;1,97228738974663;1,8127320072181
1,79157567654249;1,94755798565671;1,91417790816697;1,87237757685587;1,92017415947113;1,96010622989247;1,88583443454418;1,87872473057928;1,93564135971129;1,80244882269961;1,89335880749839;1,89393157023148;1,90837880420635;1,95802256651919;1,88329183849248;1,93567951327376;1,990841111746;1,9259759235336;1,91786013103106;1,93708796016924;1,94025446613464;1,99172779180993;1,84276985087429;1,93010745108342;1,91844409430977;1,93751757343049;1,87207035998891;1,84106368989416;1,87126762917497;1,91728001170838;1,93452808100069;1,86869499236278;1,96515564245203;1,90578914874797;2,01753959551666;1,84940858514659;1,90669488792689;1,9424154092317;1,85995516737647;1,82409408235602;1,92762330394078;1,88353888075649;1,98589831496834;1,94011799136656;1,99451473217384;1,92690079813078;1,95268895469643;1,83528077927472;1,88157155657839;1,93149450230409;1,97164373544073;1,99702662164844;1,83146259336436;1,88321912460597;1,86340600091685;1,9586233139858;1,8842312414847;1,89452460448277;1,8352426778438;1,96326020060537;1,85900835258652;1,88193179074742;1,88846410472947;1,90405727040705;1,88805645196005;1,97722984106053;1,94750552249384;1,88121116339118;1,8616587256718;1,85611818294825;1,88626219190695;1,92848130564147;2,00357600617484;1,96214752901549;1,92505418849823;1,87711038224007;1,90881673368674;1,91646618126574;2,00976041330918;1,85380380207535;1,93303907627095;1,86563014213696;1,94477758707992;1,91799389987447;1,8299906417496;1,89488412604624;1,8256361220656;1,91885680763053;1,95444418853603;1,91632784187614;1,94712264421743;1,85342775290411;1,9361513855199;1,82649207055649;1,92487159461301;1,92255660563123;1,89643723519805;1,88062180129178;1,93991367411709;1,93145594423236
1,88971962752098;1,89183647763512;1,8371675079223;1,93366109991464;1,96035550021734;1,99744278742362;1,86630792482123;1,98358024564887;1,95328521929562;1,92674537860973;1,8770928829703;1,85536752982954;1,93214780596327;1,84524137303809;1,9884724709954;1,90222599860187;1,93253947799621;1,86469218947821;1,8856306408237;1,89067227728316;1,79856871713327;1,86756242391504;1,90620805203348;1,96014323560957;1,79061266080479;1,94970964923234;1,98478512868627;1,86634658979877;1,93931715781212;1,85778906588332;1,88816976021195;1,75052782963824;1,91020614514278;1,88435963697932;1,88032713625627;1,92822837137297;1,91046218005699;1,90420277406017;1,92951975308067;1,96635961900166;1,89449034293479;1,90960915019352;1,90619469363419;2,03237391342887;1,94997512102756;1,90766534052754;1,92445274185377;1,89843778435801;1,89997719348238;1,86687616052295;1,97712771493331;1,95036534715896;1,92515014350516;1,87174530289562;1,929304600042;1,88355819206627;1,91140814677979;1,87678851488497;1,96559370715649;1,88327794063563;1,88054813589646;1,88467989436209;1,90068403642375;1,89689074625512;1,89809864924233;1,86632752591126;1,91750564190822;1,88642148052586;1,93900584847233;2,03795234238497;1,90574049875007;1,86680238103797;1,8510352903323;1,93292254607532;1,83890159458786;1,87145087911265;1,95324937719877;1,94875235012571;1,88151510011617;1,88332410516209;1,97640831383242;1,85847821683973;1,93342623666999;1,94703633314201;1,84410059385239;1,88084351649138;1,84574644412399;1,97950623206094;1,96572796904612;1,99670587413727;1,95808854603626;2,04780324655911;1,88079794081231;1,97125007796594;1,96521769854942;1,94676642023452;1,9414523480917;1,88513966618324;1,95145061500632;1,91455262657796
1,94224193376036;1,84659975346919;1,84542285671132;1,93555361897085;1,93650540082039;1,91723783426805;1,85312035129482;1,98308943918814;1,9030548071377;1,8143941528418;1,89308310272725;1,9065185028078;1,82462766917662;1,92536904149466;1,87475110481588;1,9281428323337;1,90619980743627;1,88474511962471;1,9465894925463;1,86725281348192;1,94285696741328;1,96685794727942;1,9765795259696;1,91869508390272;1,91580070060139;1,94894439002357;1,94633895572864;1,86734488998286;1,84276128524917;1,96695809163993;2,02076367105125;1,8460095806429;1,91224229327479;1,95767724054195;1,96569656238144;1,9412935945397;1,9486759002931;1,87302272901918;1,92436744217114;1,81856545924203;1,86806561577143;1,84785700096306;1,94994879921539;1,94330286475072;1,90766143821225;1,91024641322009;1,93547734863113;1,96562270428052;1,90001588130229;1,95929406765272;1,99863502768145;1,95461557251203;1,91665670921989;1,77570105740739;1,89933718983861;1,88473838869794;1,85092548009623;1,84350944754276;1,89938130103028;1,80193953124319;1,91847712047469;1,89832833053551;1,92069706766323;1,95030165454811;1,92100277292169;1,88899183335369;1,88607119090608;1,88004785326071;1,86915191275328;1,85687308075367;1,84720392098858;1,82752707745097;1,90022285700468;1,86941305676438;1,96540800023126;1,85027144671504;1,77757598342032;2,01649118169984;1,91742430319683;1,84924821632362;1,96628705724698;1,91757835493075;1,94645152446774;1,8918402296405;1,89762838717847;1,92476796508976;1,98179370487058;1,90299371418285;1,86727218608059;1,83651175444252;1,87191889851158;1,86862904065073;1,86697303108497;1,92892784087634;1,9445525236987;1,88002562308192;1,87504064444611;1,92217461196842;1,92601900109055;1,9984490720799
1,90187470995288;1,89466008789063;1,92669342200565;1,96398816569211;1,83461272816618;1,84915416884535;1,89541340949324;1,88885860602533;1,92703578697666;1,89669285472609;1,90699227373245;1,90235486657068;1,9319012100894;1,89133161116322;1,93194880890507;1,87755729850468;1,89946743040289;1,98361022149609;1,7731791689781;1,92482264743297;1,9427557545692;1,88089238142663;1,88771520990255;1,93775740748042;1,95029181151121;1,87576398551846;1,86485331346788;1,89586160153547;1,98401170381373;1,87719875625377;1,9966843055361;1,8914611877268;1,7817451172979;1,98803993198841;1,97093408839317;1,93348269513446;1,95952953354941;1,8255806695692;1,85641527762391;1,86315617872613;1,85588247420395;1,87275554314472;1,96354476669264;1,97873979098648;1,90080221838701;1,84399404329903;1,96299574799272;1,92252821928607;1,95964421460967;1,84709791662557;1,88690949396781;1,88228308106178;1,97266737630591;1,99188589857322;1,88823069708518;1,8996838805281;1,97160834120433;1,85834018301306;1,92118962523568;1,83530282585764;1,85390325609477;1,90572711382227;1,93463232327471;1,92183989245319;1,90191863646637;1,98416614054865;1,87871524194094;1,92704622544199;1,92004222809449;1,91307677026719;1,8432669760781;1,84628389534489;1,87265083868985;1,90750726368876;1,85911454385383;1,94951759425847;1,89988861546526;1,95957900187261;1,93114766191191;1,88131810016929;1,87463923928792;1,83714425104644;1,84892475132638;1,9590637600991;1,98016929300566;1,89875109613446;1,97269353031046;1,93199571139974;1,81495081798656;1,89664117524026;1,82738961564876;1,97001645643938;1,95006633680891;1,95159902187191;1,84170139155557;1,95450691096101;1,87537726173548;1,88096484870348;1,84880278648011;1,92446676296774
1,89146547832882;1,87739893562762;1,89446551742613;1,90887610776762;1,85641221750379;1,86803569779514;1,92494174860149;1,96735905472105;1,98460989378002;1,88848200757414;1,94239753559069;1,96460238084712;1,92662390985461;1,96816433649475;1,84636503040268;1,82106118286969;1,86679331136578;1,78967991371672;1,88195829141425;1,8539629548309;1,83256444881004;1,87442411736805;1,90226898446267;1,8531013429208;1,88637513155772;1,91390790753617;1,89327802701045;1,97206039435838;1,86456049271456;1,85059231138781;1,90993392162187;1,93032704146836;1,81520894289159;1,90875687687378;1,89755073560406;1,80991141140443;1,92178113709137;1,86793529298005;1,86937402041285;1,93106401673066;2,04510700758238;1,97078019521506;1,93846946740434;1,8914757997136;1,8416758774252;1,90074256831832;1,93775989727921;1,84541658342709;1,91755788790891;1,91810475078591;1,90906456482876;1,95243105140519;1,90689468047522;1,89563817719447;1,79382717980571;1,98377450781663;1,83540834059285;1,83355087466592;1,86004025528878;1,92966019388247;1,92229538121836;1,84700648220602;1,96513769514162;1,91388532464433;1,89320279014084;1,90838932874916;1,85651629564298;1,90538677787357;1,85973328756714;1,91590011184221;1,95631562629326;1,95728680475788;1,94176186601196;1,87920322893896;1,9233093565906;1,94471562526356;1,97866465031229;1,83679571932983;1,90087757345141;1,87884980145208;1,92962254977958;1,95617162073368;1,87472347087308;1,93964951143924;1,95733889167993;1,93001265288786;2,01710827957694;1,84730822785256;1,8758814170542;1,9737735907869;1,96475654448417;1,93293435507284;2,02220158990041;1,96832071248086;1,97198274439249;1,90024810569474;1,81571161737759;1,89065377471418;1,92278056047038;1,91177836016616
1,94101218691055;1,88648848071115;1,91432355911304;1,87307692069547;1,86548379788086;1,90187283842547;1,96578000576773;1,84512241337606;1,80726622229962;1,84886124897415;1,88896785055392;1,8609026378806;1,93350909607029;1,78989555157131;1,94973941114355;1,84162247414093;1,88942474909024;1,86443538698342;1,91706846317582;1,98330243773988;1,91916027942278;2,00202073237469;1,86402902073476;1,91196317262273;1,89317477396089;1,87650279406403;1,94680209034178;1,96637108721957;1,90232342897003;1,91846893223106;1,99398815022647;1,91526905333218;1,86308464261036;1,83330871725773;1,91998864349427;1,90063737536444;1,86923942567085;1,8967705406774;1,86258567111673;1,82189575035866;1,95540864002309;1,83820166094058;1,79929704984749;1,86856604313846;1,84497512415199;1,9145918133066;1,81133710957198;1,86245773742528;1,90066687714136;1,98455539996873;1,92794858549623;1,88935740068529;1,83802509216762;1,89295109935004;1,88225936724932;1,84637071787999;1,86498516102949;1,85995903506668;1,88905611399682;1,89431602903749;1,94053348542528;2,03054504602366;1,95696224915962;1,9168932270818;2,04676786863682;1,83139455817218;1,8614048916353;1,87975164186266;1,95050582817867;1,84602725918342;1,85632531566224;1,91825252313438;1,96124013960513;1,96232781920242;1,8937296346247;1,92117364297653;1,78220017266224;1,80503099859437;1,88989868792542;1,95901290487643;1,86666302805405;1,95815916243838;1,90763429697888;1,86796922900493;1,90510461711509;1,81095434517095;1,87500930930122;1,89970185272913;1,91100551965245;1,88913857292575;1,99004556648847;1,96688986156258;1,89199641678154;1,89770455832625;1,89544810770686;1,95743546031273;1,93572286501885;1,98825507010758;1,94433566939048;1,8805608576031
1,94070592003734;1,88994227485335;1,94732288310971;1,87634651173587;1,91570429601983;1,88976739901267;1,97531311563655;1,94411085723682;1,94006549615098;1,91059383874224;1,84568560909971;1,93468044029488;1,96451059429624;1,97975826427988;1,88601180870763;1,96726662066104;1,97091272066018;1,95315666781588;1,92678140597296;1,93616767664191;1,87349360197618;1,80724596921533;1,93720453010649;1,86716122758487;1,86613683711029;1,87273298619526;1,79446862835838;1,95518865578415;1,86592792626004;1,96636593022991;1,85540250203907;1,90480291745338;1,90271115840315;1,93518833133756;1,8688042010324;1,84021694420861;1,90790790284125;1,86817451456347;1,92827133937368;1,9962191774019;1,98022923639696;1,92688810173742;1,99889134210309;1,93273152374824;1,88565827698446;1,93016326647063;1,86297934309928;1,92556981029519;1,86716508576156;1,89298099273009;1,95474364573658;1,82874376470955;1,97234668271414;1,91805246652665;1,9199869992535;1,88556535300158;1,83414111868467;1,93856762661362;1,84828539329413;2,01327261268527;1,89183265052904;1,91063887769779;1,95077052476301;1,86856111270049;1,90394137070545;1,87299494596764;1,90996719008558;1,9246545551847;1,93127257504999;1,97756591383903;1,91480894248313;1,92427620842314;1,95417397801662;1,87832010057696;1,91283190801138;1,9195872855588;1,98848241184326;1,98752176157649;1,87293254184858;1,97103726054799;1,84812927465487;1,91732469818001;1,85977344325095;1,98444927985917;1,94963601011053;1,93344608618612;1,90575647684572;1,91630120470913;1,92417925249637;1,98989570763217;1,91336247034184;1,85563714019432;1,90659377135456;1,83804302597789;1,90215435801241;1,96741432130041;1,94914527334463;1,88669663694197;2,04882368133143;1,86005274870251
1,82943212067886;1,96303868328059;1,99137158728408;1,95948326746215;1,94114030360362;1,92958749090454;1,9545566903345;1,94209814532224;1,88279813258051;1,84589996789478;1,9382034086653;2,00304329010154;1,87737671127377;1,85059183413734;1,90075614726642;1,94959301665342;1,93440827795494;1,89954371959832;1,90023322489899;1,94120841509763;1,88626577604635;1,86435891583398;1,91617835158931;1,90492347458172;1,9629517767448;1,87503912306757;1,97727914344489;1,92882426574033;1,9196791253423;1,93098565016673;1,93912046363029;1,84745437509416;1,91064084508569;1,97087551562732;1,87534391925219;1,88001387477656;1,90125174534687;1,91957685815348;1,92699243125805;1,82590818394174;1,85712958831016;1,94228898758235;1,92167076370359;1,88120937892194;1,88561919150395;1,84916950859398;1,9088350351732;1,98031879001796;1,89300060097339;1,87703724846985;2,04170096142519;1,98082462038233;1,87471354228713;1,85519841385908;1,87894870605741;1,8680964312801;1,89279819878393;1,8532459568822;1,90391982468858;1,91044805278956;2,06629150796417;2,01514531230696;1,95698205702587;1,91011111587221;1,80796909186334;1,95317802844166;1,92663144433859;1,88892049800632;1,97139898056825;1,9461874138724;1,89978604363336;1,85276713584282;1,88226232375096;1,88862200526318;1,9320547624316;1,88071419368623;1,81979908142344;1,83500397388758;1,94410050187598;1,92835926602704;1,90485827786196;1,91228399861234;1,92002104349818;1,90720284506597;1,819602632311;1,92774831237621;1,86180651282288;1,91713428129438;1,92603909351414;1,83150703067422;1,86068142230026;1,89003545013067;1,81881487385442;1,88255204156479;1,95152979806703;1,89429435998148;1,90269209502766;1,89018869677557;1,87356438175885;1,92209346453653
1,93790549751951;1,85094564257048;1,93988609035564;1,90512182215945;1,92895665367694;1,86274483049145;1,91712323393653;1,8571199270257;1,91037597395403;1,91007925495671;1,9412134520833;2,00129145396693;1,82089917829326;1,9292200687978;1,96095887490981;1,9335076376303;1,88337213898602;1,86189549404985;1,88970784652927;1,85780180681656;1,8369666215332;1,90109145539376;1,91506783041184;1,80742108443177;1,92277336421222;1,86809666185014;1,85764314889902;1,8707722544245;1,96144365405187;1,88566235076574;1,88518991973759;1,84028429772825;1,93898951345321;1,92496872716376;1,94356652138296;1,86775785825701;1,92056230250939;1,96681319704006;1,88317572802608;1,90674221664424;1,88003335602099;1,91950821539853;1,91680122634506;1,88011544512118;1,82895093401524;1,78380235300347;1,87990822484488;1,8280170084662;1,95974051382449;1,96370660599213;1,90567692365697;1,88365929189079;1,9812143360072;1,87366492055245;1,90769579721641;1,93422873025466;1,9260763662788;1,88351951670555;2,01091542250982;1,80647051152379;1,89186824651686;1,8980045465099;1,93002375563568;1,99437851425532;1,86472666621826;1,89773626125051;1,94421998104638;1,94669857276082;1,90244677295644;1,90607253392715;1,92018590880521;1,90777876982012;1,90175048620275;1,91502638234993;1,90189101299014;1,97572608558424;1,92036907003684;1,94145087256991;2,05487883196862;1,95041660276443;1,9067279103182;1,90630941595718;1,86111671480193;1,96089471995797;1,87858873192994;1,88891364768804;1,92106245570225;1,90062194293245;1,93419891628283;1,90161300834142;1,92542197745033;1,95837511064251;1,91418643234159;1,92998654568658;1,87573699494106;1,86398173710287;1,8684409723761;1,7874151053575;1,92128235779512;1,87125084033571
1,95098419865489;1,95704820123543;2,00120994079162;1,84010695972559;1,91130659710847;1,9401041656089;1,88080167386954;1,90453653992116;1,88200111867804;1,8991150683079;1,89126923553525;1,8841592126679;1,92361565834588;1,82754796468868;1,96522438186815;1,86298277053003;1,91990203795365;1,91767315822231;1,87058551245421;1,91959410126882;1,84840937441108;1,87517336798685;2,00397402427961;1,90091673410781;1,99117760713103;1,87028650552189;1,91106292470583;1,86796516196872;1,97425777138263;1,96539069857881;1,90942686911691;1,82865138638096;1,95327846115256;1,88421604172457;1,90426855917959;1,82875220115327;1,92019027351949;1,92908977416638;1,91515326943235;1,93593641761245;1,88861650950354;1,93808567303876;1,94125406315176;1,86739365789757;1,9570108012654;1,90746834888779;1,91572060960627;1,90481490758975;1,87347621392398;1,94807205451384;1,91573145285488;1,88575703893723;1,80727202536474;1,95589656928295;1,91376725834237;1,93407733446421;1,84916701527316;1,9061475602234;1,85206944942615;1,88972797964683;1,86134262643131;1,8576117695254;1,97767898372852;1,9283464756055;1,95040012939271;1,88961280948753;1,90722182241128;1,92981796054521;1,87276686285476;2,03282792704903;1,76796247469002;1,92297403636573;1,92326093885186;1,92148113811738;1,86857125948855;1,89647932947552;1,93803402051772;1,84338421388423;1,93041192864733;1,86858061414139;1,93307023235757;1,89361964148816;1,88442413647546;1,85645285406287;1,83815729929496;1,90510167066687;1,86638558497251;1,97444871794025;1,87438190494071;1,97788472226331;1,90837192026787;1,97574687126341;1,86957484877851;1,86383550154055;1,79024575706191;1,80978737357248;1,84219353715387;1,95365313246856;1,9467653767978;1,93219331905381
1,89605874554594;1,85532110592709;1,89442001114815;1,95100358606834;1,91671894564255;1,84568540712149;2,0357060875768;1,89679737165442;1,82777175057238;1,90915841675275;1,81162759973262;1,95334141635877;1,99228497868007;1,93362370344631;1,9336616575035;1,95449738496008;1,95458236707791;1,9340917951317;1,9096940433359;1,94387257141325;1,95055780756663;1,83637381978707;1,87895114865083;1,90865069732524;1,95975663601787;1,90284617106094;1,94746168455419;1,92073027020218;1,9268334641392;1,90039365602109;1,90808493541521;1,93488003508382;1,88735585642576;1,92364646177178;1,94914900594053;1,91409199159379;1,86768776215372;1,97258500578498;1,95756775083735;2,01301682192783;1,91636855509358;1,91084253745321;1,95905769714833;1,82275036849035;1,93001006820416;1,87873540574049;1,82015251273043;1,88055195231457;1,9264449314744;1,89932473111467;1,86835190188462;2,00899478854633;1,88375744824439;1,80523141222601;1,89062693318307;1,91021879935325;1,81557965932236;1,93124312425473;1,81764558159614;1,92595956375593;1,95052789590368;1,99050883153705;1,92036062974201;1,9687556341499;1,91331442433679;1,8964012305261;1,86727273657875;1,8878114555036;1,95540674898059;1,86665613266321;1,83605355958813;1,91487010039441;1,89036088569832;1,86463942880785;1,98769022900009;1,94337536319458;1,95058874275318;1,92787914121513;1,92749679832527;1,93457910461741;1,95621538095871;1,92339240481617;1,88939319463971;1,90922065388996;1,83390988898068;1,86103130404828;1,85725672701293;1,9241586722495;1,86800509174255;1,90033469273781;1,86216585854756;1,93136478574911;1,85917302329411;1,80834845837107;1,95654880464919;1,92949628344596;1,95323732586035;1,88260182501289;1,93390084161464;1,91810960979607
1,93938167508422;1,92924179010622;1,96153531233669;1,87176017886289;1,87944818674002;1,93007188898354;1,98810542034756;1,97711164817167;1,92642218147245;1,88404300328381;1,83536084074973;1,96739946272686;1,86082578280755;1,92172455617662;1,93624405807386;1,85698625158317;1,92368937142674;1,89376914455586;1,89463821448319;1,86429624770842;1,93042754200771;1,90580269951514;1,91650376875236;1,8318772467492;1,9419143795128;1,9189102139174;1,84110596333177;1,92320606267164;1,94413456479205;1,87272309091039;1,88344734731029;1,86711839860782;1,84862297291891;1,89142693940467;1,98252316662621;1,95143796503139;1,91702225874795;1,88027066719789;1,99439285873895;1,92637234032585;1,98802552837186;1,87550153136853;1,96813781655849;1,92931522657672;1,90298810097404;1,9268188051595;1,92928869098473;1,91594336026559;1,90871173034452;1,8560565953645;1,9134278217649;1,94019292553737;1,85096934492342;1,89885898222851;1,83357531512909;1,96679294765145;1,94628801582274;1,96339237302875;1,95162351337448;1,88370468502724;1,90637265327854;1,91358157240406;1,89621340190953;1,94758560148396;1,94005743615914;1,93646696462593;1,88362197597359;1,93134249608699;1,94113374433796;1,92601878256521;1,85655201103202;1,88870107540322;1,93652398250854;1,93402039237475;1,96454818616749;1,92663704424711;1,95340545693269;1,94659173674287;1,83304775668027;1,90339920719667;1,88566060638333;1,85583717762421;1,95360052521708;1,88503623138582;1,95876839048632;1,87225906914533;1,94254900071215;1,8780448424027;1,95570191797141;1,94966533662356;1,82830190403719;1,99858202845605;1,92251297492033;1,88761431265857;1,96614031988381;1,77312034055634;1,94386850612227;1,86990804384017;1,95814132940307;1,92412035044469
